"last_name, first_name",player_id,year,p_game,p_formatted_ip,p_win,p_loss,p_strikeout,p_walk,hit,p_era,p_save,xera,xba,xslg,xwoba,exit_velocity_avg,barrel_batted_rate,data_year,last_name,first_name,Name,Name_norm,diff_xera,breakout_score,pitcher_type
"Suarez, José",660761,2026,4,8.1,0,1,11,4,15,8.64,0,3.75,0.267,0.345,0.309,88.9,3.8,2026,Suarez,José,José Suarez,josesuarez,4.890000000000001,81.19999999999999,RP
"Urquidy, José",664353,2026,5,6.1,0,1,6,2,15,8.53,1,3.88,0.276,0.401,0.314,89.2,7.1,2026,Urquidy,José,José Urquidy,joseurquidy,4.6499999999999995,76.24999999999997,RP
"Romano, Jordan",605447,2025,49,42.2,2,4,47,17,45,8.235,8,4.088,0.223,0.417,0.314,88.88,10.11,2025,Romano,Jordan,Jordan Romano,jordanromano,4.146999999999999,71.395,RP
"Pérez, Cionel",672335,2025,19,21.2,0,0,21,18,28,8.267,0,4.308,0.213,0.317,0.316,90.83,3.54,2025,Pérez,Cionel,Cionel Pérez,cionelperez,3.9589999999999996,63.17499999999999,RP
"Fernandez, Ryan",681676,2025,32,30.1,0,4,34,16,36,7.664,1,4.075,0.226,0.405,0.313,89.419,11.133,2025,Fernandez,Ryan,Ryan Fernandez,ryanfernandez,3.5889999999999995,61.397000000000006,RP
"Higgins, P.J.",664731,2026,1,1.0,0,0,1,0,0,0.0,0,0.08,0.03,0.045,0.034,78.0,0.0,2026,Higgins,P.J.,P.J. Higgins,pjhiggins,-0.08,55.45,RP
"Winn, Keaton",676775,2026,9,8.1,0,1,11,2,4,3.24,0,1.4,0.149,0.208,0.188,85.8,5.6,2026,Winn,Keaton,Keaton Winn,keatonwinn,1.8400000000000003,53.75000000000001,RP
"Henriquez, Edgardo",683618,2026,5,5.0,1,0,4,3,5,5.4,0,3.69,0.226,0.259,0.307,80.7,0.0,2026,Henriquez,Edgardo,Edgardo Henriquez,edgardohenriquez,1.7100000000000004,49.75,RP
"Anderson, Drew",623454,2026,6,10.0,0,0,9,7,9,7.2,1,4.39,0.203,0.392,0.332,88.2,6.7,2026,Anderson,Drew,Drew Anderson,drewanderson,2.8100000000000005,49.0,RP
"Hurt, Kyle",669165,2026,1,1.0,0,0,3,0,2,9.0,0,7.08,0.371,0.4,0.406,78.5,0.0,2026,Hurt,Kyle,Kyle Hurt,kylehurt,1.92,47.349999999999994,RP
"Ginkel, Kevin",656464,2025,29,25.2,1,4,29,13,29,7.306,3,4.514,0.228,0.412,0.328,89.66,10.353,2025,Ginkel,Kevin,Kevin Ginkel,kevinginkel,2.792,47.21000000000001,RP
"Blackburn, Paul",621112,2025,15,39.0,0,3,34,12,47,6.133,1,3.994,0.244,0.399,0.31,87.208,7.566,2025,Blackburn,Paul,Paul Blackburn,paulblackburn,2.139,44.369,RP
"Hart, Kyle",606996,2025,20,43.0,3,3,37,13,38,5.808,0,3.706,0.219,0.402,0.3,88.396,7.63,2025,Hart,Kyle,Kyle Hart,kylehart,2.102,42.588,RP
"De Jesus, Enmanuel",646241,2026,5,6.2,1,0,8,4,9,5.4,0,3.2,0.224,0.307,0.287,89.1,4.5,2026,De Jesus,Enmanuel,Enmanuel De Jesus,enmanueldejesus,2.2,42.500000000000014,RP
"Morris, Andrew",702193,2026,1,3.0,0,0,2,0,6,3.0,0,1.88,0.235,0.288,0.22,84.6,0.0,2026,Morris,Andrew,Andrew Morris,andrewmorris,1.12,41.70000000000001,RP
"Teng, Kai-Wei",678906,2025,8,29.2,2,4,39,17,29,6.143,0,3.958,0.213,0.321,0.309,89.478,3.866,2025,Teng,Kai-Wei,Kai-Wei Teng,kaiweiteng,2.1849999999999996,40.86900000000001,RP
"Hicks, Jordan",663855,2025,34,67.1,2,7,58,32,80,6.873,2,4.559,0.266,0.382,0.33,90.055,4.465,2025,Hicks,Jordan,Jordan Hicks,jordanhicks,2.314,40.499999999999986,RP
"Wolfram, Grant",664991,2025,21,26.2,3,1,31,15,35,5.319,0,3.529,0.239,0.331,0.293,87.572,3.584,2025,Wolfram,Grant,Grant Wolfram,grantwolfram,1.79,39.955999999999996,RP
"Taylor, Grant",691799,2025,36,36.2,2,4,54,15,37,4.77,6,2.888,0.213,0.307,0.266,90.537,5.838,2025,Taylor,Grant,Grant Taylor,granttaylor,1.8819999999999997,39.255999999999986,RP
"Bachman, Sam",696147,2025,23,20.1,2,3,18,10,22,6.063,0,4.196,0.265,0.352,0.318,87.763,1.843,2025,Bachman,Sam,Sam Bachman,sambachman,1.867,37.578999999999986,RP
"Treinen, Blake",595014,2025,32,26.2,2,7,36,19,30,5.233,2,3.755,0.213,0.352,0.302,86.634,7.052,2025,Treinen,Blake,Blake Treinen,blaketreinen,1.4779999999999998,36.501999999999995,RP
"Fluharty, Mason",689254,2025,55,52.2,5,2,56,24,36,4.464,1,3.276,0.205,0.35,0.283,86.537,7.434,2025,Fluharty,Mason,Mason Fluharty,masonfluharty,1.1880000000000006,35.245999999999995,RP
"Mejia, Juan",675848,2025,55,61.1,2,2,68,25,52,4.097,1,3.143,0.199,0.297,0.276,85.886,4.824,2025,Mejia,Juan,Juan Mejia,juanmejia,0.9540000000000006,34.338000000000015,RP
"Brogdon, Connor",641401,2025,43,47.0,3,2,49,18,45,5.581,0,3.922,0.223,0.434,0.308,89.24,12.949,2025,Brogdon,Connor,Connor Brogdon,connorbrogdon,1.6590000000000003,34.05500000000002,RP
"Nunez, Anthony",689296,2026,8,8.2,0,0,11,1,4,1.04,0,1.21,0.141,0.225,0.174,81.5,5.0,2026,Nunez,Anthony,Anthony Nunez,anthonynunez,-0.16999999999999993,33.6,RP
"Cano, Yennier",666974,2025,65,58.0,3,7,53,24,62,5.028,2,3.659,0.234,0.351,0.298,88.121,4.794,2025,Cano,Yennier,Yennier Cano,yenniercano,1.3689999999999998,33.14300000000001,RP
"Ribalta, Orlando",687377,2025,22,24.1,0,0,25,17,28,6.96,0,5.436,0.247,0.459,0.355,85.762,11.583,2025,Ribalta,Orlando,Orlando Ribalta,orlandoribalta,1.524,33.086,RP
"Kelly, Zack",677161,2025,28,35.1,1,3,35,12,35,4.635,0,3.522,0.233,0.347,0.292,86.192,5.224,2025,Kelly,Zack,Zack Kelly,zackkelly,1.113,32.86100000000002,RP
"Bruihl, Justin",677865,2026,10,9.0,0,0,6,8,8,8.0,0,6.17,0.28,0.455,0.384,86.8,10.3,2026,Bruihl,Justin,Justin Bruihl,justinbruihl,1.83,31.75000000000001,RP
"Legumina, Casey",668984,2025,48,49.2,4,6,55,25,47,5.436,0,3.803,0.218,0.378,0.304,90.709,8.95,2025,Legumina,Casey,Casey Legumina,caseylegumina,1.633,31.426999999999996,RP
"Leiter Jr., Mark",643410,2025,59,48.1,6,7,54,17,57,5.006,2,3.867,0.235,0.364,0.305,87.156,5.652,2025,Leiter Jr.,Mark,Mark Leiter Jr.,markleiterjr,1.1390000000000002,30.972999999999992,RP
"Anderson, Shaun",641312,2026,4,10.1,1,0,7,5,11,6.97,0,5.43,0.265,0.467,0.364,86.9,6.1,2026,Anderson,Shaun,Shaun Anderson,shaunanderson,1.54,29.249999999999993,RP
"Woodford, Jake",663765,2025,22,36.1,0,4,23,13,45,6.342,3,5.095,0.289,0.428,0.346,86.263,7.099,2025,Woodford,Jake,Jake Woodford,jakewoodford,1.2469999999999999,28.72899999999999,RP
"Feltner, Ryan",663372,2025,6,30.1,0,2,25,12,33,4.904,0,3.634,0.225,0.349,0.293,90.054,5.032,2025,Feltner,Ryan,Ryan Feltner,ryanfeltner,1.27,26.892,RP
"Ferrer, Jose A.",678606,2025,72,76.1,4,4,71,16,81,4.413,11,3.5,0.252,0.354,0.291,88.911,4.632,2025,Ferrer,Jose A.,Jose A. Ferrer,joseaferrer,0.9130000000000003,26.323000000000004,RP
"Perkins, Jack",678022,2025,12,38.2,3,2,37,18,27,4.265,3,3.638,0.214,0.351,0.297,85.788,9.36,2025,Perkins,Jack,Jack Perkins,jackperkins,0.6269999999999998,25.979000000000006,RP
"Rolison, Ryan",669020,2025,31,42.1,1,0,25,20,55,6.985,0,5.704,0.284,0.491,0.363,87.45,9.452,2025,Rolison,Ryan,Ryan Rolison,ryanrolison,1.2810000000000006,25.265000000000008,RP
"Mayza, Tim",641835,2026,8,9.0,0,1,10,3,3,3.0,0,2.24,0.17,0.251,0.241,89.4,4.8,2026,Mayza,Tim,Tim Mayza,timmayza,0.7599999999999998,24.999999999999986,RP
"Loáisiga, Jonathan",642528,2025,30,29.2,0,1,25,10,34,4.239,1,3.542,0.237,0.372,0.294,86.812,6.178,2025,Loáisiga,Jonathan,Jonathan Loáisiga,jonathanloaisiga,0.6970000000000001,24.681000000000008,RP
"Okert, Steven",595345,2025,68,71.2,3,2,84,19,45,3.055,1,2.649,0.185,0.326,0.255,88.134,7.112,2025,Okert,Steven,Steven Okert,stevenokert,0.40600000000000014,24.522000000000002,RP
"Brown, Ben",676962,2025,25,106.1,5,8,121,32,121,5.718,1,4.43,0.254,0.45,0.325,92.194,10.775,2025,Brown,Ben,Ben Brown,benbrown,1.2880000000000003,24.482,RP
"Montgomery, Mason",682254,2025,57,46.0,1,3,63,27,49,5.659,1,4.546,0.243,0.401,0.329,89.413,9.6,2025,Montgomery,Mason,Mason Montgomery,masonmontgomery,1.1129999999999995,24.119,RP
"Leasure, Jordan",673929,2025,68,64.1,5,6,81,30,49,3.898,7,3.264,0.19,0.348,0.282,89.11,11.189,2025,Leasure,Jordan,Jordan Leasure,jordanleasure,0.6340000000000003,23.14000000000001,RP
"Marinaccio, Ron",676760,2026,7,11.1,0,0,10,2,9,3.97,0,3.32,0.223,0.418,0.292,87.0,6.7,2026,Marinaccio,Ron,Ron Marinaccio,ronmarinaccio,0.6500000000000004,23.050000000000008,RP
"Martin, Riley",702303,2026,4,4.1,0,0,4,0,2,0.0,0,0.47,0.105,0.129,0.101,88.1,0.0,2026,Martin,Riley,Riley Martin,rileymartin,-0.47,22.85000000000001,RP
"Kinley, Tyler",641755,2025,73,72.2,6,3,73,33,53,3.847,3,3.483,0.22,0.355,0.291,86.616,6.72,2025,Kinley,Tyler,Tyler Kinley,tylerkinley,0.3639999999999999,22.778,RP
"Weaver, Luke",596133,2025,64,64.2,4,4,72,20,46,3.759,8,3.067,0.193,0.359,0.273,89.957,8.446,2025,Weaver,Luke,Luke Weaver,lukeweaver,0.6919999999999997,22.76600000000001,RP
"Lee, Dylan",669276,2025,74,68.1,2,4,76,14,53,3.204,2,2.888,0.202,0.376,0.266,87.652,9.984,2025,Lee,Dylan,Dylan Lee,dylanlee,0.3160000000000003,22.636000000000003,RP
"Graceffo, Gordon",700669,2025,26,43.0,3,1,40,13,50,6.069,1,4.562,0.272,0.427,0.329,92.836,7.313,2025,Graceffo,Gordon,Gordon Graceffo,gordongraceffo,1.5069999999999997,22.032999999999998,RP
"Morillo, Juan",666661,2025,42,34.1,0,3,36,20,38,4.136,1,3.686,0.23,0.326,0.299,87.074,5.25,2025,Morillo,Juan,Juan Morillo,juanmorillo,0.4500000000000002,20.50200000000001,RP
"Sproat, Brandon",687075,2025,4,20.2,0,2,17,7,18,4.968,0,4.219,0.262,0.363,0.318,88.172,4.012,2025,Sproat,Brandon,Brandon Sproat,brandonsproat,0.7489999999999997,19.941000000000003,RP
"Thielbar, Caleb",573204,2025,67,58.0,3,4,56,13,38,2.651,1,2.536,0.2,0.321,0.249,87.882,6.801,2025,Thielbar,Caleb,Caleb Thielbar,calebthielbar,0.11499999999999977,19.860999999999986,RP
"Zeferjahn, Ryan",666171,2025,62,57.0,6,5,73,35,49,4.744,2,4.2,0.217,0.403,0.317,88.241,10.036,2025,Zeferjahn,Ryan,Ryan Zeferjahn,ryanzeferjahn,0.5439999999999996,19.627999999999993,RP
"Stanek, Ryne",592773,2025,65,56.0,4,6,58,32,56,5.417,3,4.48,0.236,0.411,0.327,90.417,10.822,2025,Stanek,Ryne,Ryne Stanek,rynestanek,0.9369999999999994,19.420999999999985,RP
"Walker, Ryan",676254,2025,68,61.1,5,7,60,18,60,4.101,17,3.812,0.251,0.368,0.304,86.772,5.01,2025,Walker,Ryan,Ryan Walker,ryanwalker,0.28900000000000015,19.39099999999999,RP
"Vest, Will",676684,2025,64,68.2,6,5,75,22,61,3.126,23,2.895,0.217,0.315,0.266,88.71,4.35,2025,Vest,Will,Will Vest,willvest,0.23099999999999987,19.19500000000001,RP
"Ramírez, Yohan",670990,2025,24,33.1,3,3,45,16,33,5.201,0,4.411,0.234,0.409,0.325,89.23,12.696,2025,Ramírez,Yohan,Yohan Ramírez,yohanramirez,0.79,19.139999999999993,RP
"Gordon, Colton",676467,2025,20,86.0,6,4,72,19,103,5.412,1,4.69,0.266,0.471,0.333,89.045,11.562,2025,Gordon,Colton,Colton Gordon,coltongordon,0.7219999999999995,19.03999999999999,RP
"Sands, Cole",663485,2025,69,72.0,4,6,64,19,65,4.493,3,3.945,0.235,0.404,0.308,89.635,9.751,2025,Sands,Cole,Cole Sands,colesands,0.5480000000000005,17.349999999999998,RP
"Cruz, Fernando",518585,2025,49,48.0,3,4,72,24,33,3.521,2,3.425,0.198,0.332,0.289,87.408,8.822,2025,Cruz,Fernando,Fernando Cruz,fernandocruz,0.09600000000000009,17.324,RP
"Yarbrough, Ryan",642232,2025,19,64.0,3,1,55,19,58,4.411,1,4.244,0.256,0.422,0.319,86.168,6.784,2025,Yarbrough,Ryan,Ryan Yarbrough,ryanyarbrough,0.16699999999999982,17.018999999999984,RP
"Morejon, Adrian",670970,2025,75,73.2,13,6,70,17,49,2.336,3,2.682,0.222,0.31,0.257,85.814,3.818,2025,Morejon,Adrian,Adrian Morejon,adrianmorejon,-0.3460000000000001,16.982000000000014,RP
"Raley, Brooks",548384,2025,30,25.2,3,1,25,6,14,2.416,0,2.417,0.184,0.289,0.243,88.153,0.443,2025,Raley,Brooks,Brooks Raley,brooksraley,-0.0009999999999998899,16.62899999999999,RP
"Beeter, Clayton",690925,2025,26,25.1,0,3,33,18,13,4.242,1,3.828,0.196,0.329,0.304,88.432,9.496,2025,Beeter,Clayton,Clayton Beeter,claytonbeeter,0.41400000000000015,16.596,RP
"Dreyer, Jack",676263,2025,67,76.1,3,2,74,24,56,2.947,4,2.725,0.2,0.33,0.259,90.392,5.544,2025,Dreyer,Jack,Jack Dreyer,jackdreyer,0.22199999999999998,16.346000000000007,RP
"Soto, Gregory",642397,2025,70,60.1,1,5,70,24,62,4.03,1,3.764,0.238,0.344,0.301,88.642,4.106,2025,Soto,Gregory,Gregory Soto,gregorysoto,0.26600000000000046,16.106000000000016,RP
"Hill, Jaden",677955,2025,28,29.1,1,1,31,12,27,3.3,0,3.321,0.217,0.332,0.285,86.425,2.314,2025,Hill,Jaden,Jaden Hill,jadenhill,-0.02100000000000035,15.885000000000005,RP
"Abel, Mick",690953,2025,10,39.0,3,4,39,16,43,6.005,0,5.079,0.269,0.455,0.347,90.94,8.18,2025,Abel,Mick,Mick Abel,mickabel,0.9260000000000002,15.260000000000009,RP
"Gage, Matt",657424,2025,33,31.0,0,1,27,12,35,3.12,0,3.019,0.23,0.291,0.272,88.222,3.189,2025,Gage,Matt,Matt Gage,mattgage,0.10099999999999998,15.221000000000009,RP
"Jacob, Alek",689690,2025,29,33.1,1,0,23,14,36,5.079,0,5.027,0.25,0.436,0.344,84.183,7.477,2025,Jacob,Alek,Alek Jacob,alekjacob,0.0519999999999996,15.163999999999984,RP
"Herrin, Tim",682120,2025,54,42.2,5,4,45,30,37,4.753,0,4.378,0.224,0.35,0.323,88.206,5.194,2025,Herrin,Tim,Tim Herrin,timherrin,0.375,15.162999999999993,RP
"Garcia, Rico",670329,2025,29,34.1,0,2,38,10,31,3.008,0,3.115,0.224,0.352,0.275,86.864,7.067,2025,Garcia,Rico,Rico Garcia,ricogarcia,-0.1070000000000002,15.066999999999988,RP
"Soriano, George",666277,2025,24,36.2,2,0,36,19,46,8.106,1,7.176,0.309,0.54,0.398,88.636,14.388,2025,Soriano,George,George Soriano,georgesoriano,0.9299999999999997,14.678000000000004,RP
"Strahm, Matt",621381,2025,66,62.1,2,3,70,20,47,2.781,6,2.784,0.197,0.33,0.261,89.4,4.331,2025,Strahm,Matt,Matt Strahm,mattstrahm,-0.0029999999999996696,14.554999999999993,RP
"Alexander, Tyler",641302,2025,52,97.2,5,14,82,30,107,4.794,1,4.542,0.28,0.438,0.328,88.353,5.533,2025,Alexander,Tyler,Tyler Alexander,tyleralexander,0.2519999999999998,14.37400000000001,RP
"Vesia, Alex",681911,2025,68,59.2,4,2,80,22,37,2.913,5,3.041,0.185,0.346,0.273,88.319,10.654,2025,Vesia,Alex,Alex Vesia,alexvesia,-0.1280000000000001,14.141999999999992,RP
"Kerkering, Orion",689147,2025,69,60.0,8,4,65,27,55,3.317,4,3.603,0.228,0.353,0.295,85.685,6.367,2025,Kerkering,Orion,Orion Kerkering,orionkerkering,-0.28600000000000003,14.089999999999996,RP
"Schultz, Paxton",687606,2025,13,24.2,0,0,28,8,27,4.406,0,3.807,0.219,0.385,0.303,91.065,11.058,2025,Schultz,Paxton,Paxton Schultz,paxtonschultz,0.5989999999999998,13.955000000000002,RP
"Nicolas, Kyle",693312,2025,31,38.0,1,2,34,18,34,4.792,0,4.265,0.235,0.381,0.318,89.971,7.119,2025,Nicolas,Kyle,Kyle Nicolas,kylenicolas,0.5270000000000001,13.862999999999996,RP
"Doval, Camilo",666808,2025,69,65.1,4,3,72,35,51,3.714,16,3.634,0.22,0.331,0.297,88.699,5.929,2025,Doval,Camilo,Camilo Doval,camilodoval,0.08000000000000007,13.702000000000007,RP
"Barlow, Scott",605130,2025,75,68.1,6,3,75,45,50,4.25,1,4.365,0.227,0.365,0.323,86.274,7.165,2025,Barlow,Scott,Scott Barlow,scottbarlow,-0.11500000000000021,13.176999999999994,RP
"Scott, Tanner",656945,2025,61,57.0,1,4,60,18,54,4.588,23,4.126,0.247,0.418,0.315,90.743,8.816,2025,Scott,Tanner,Tanner Scott,tannerscott,0.46199999999999974,12.944000000000006,RP
"Paddack, Chris",663978,2025,33,158.0,5,12,112,37,166,5.373,1,4.925,0.274,0.488,0.341,90.671,9.98,2025,Paddack,Chris,Chris Paddack,chrispaddack,0.4480000000000004,12.877999999999993,RP
"Acton, Garrett",670183,2026,2,4.0,1,0,5,2,1,2.25,0,2.03,0.095,0.153,0.229,91.9,0.0,2026,Acton,Garrett,Garrett Acton,garrettacton,0.2200000000000002,12.84999999999999,RP
"Finnegan, Kyle",640448,2025,56,57.0,4,4,55,18,45,3.331,24,3.177,0.226,0.338,0.279,90.292,7.668,2025,Finnegan,Kyle,Kyle Finnegan,kylefinnegan,0.15399999999999991,12.575999999999993,RP
"Sisk, Evan",681895,2026,2,2.1,0,0,4,1,3,3.86,0,3.8,0.233,0.298,0.311,86.8,0.0,2026,Sisk,Evan,Evan Sisk,evansisk,0.06000000000000005,12.400000000000006,RP
"Thompson, Ryan",657044,2025,48,41.1,3,2,36,13,42,3.779,1,3.554,0.234,0.381,0.294,89.763,7.988,2025,Thompson,Ryan,Ryan Thompson,ryanthompson,0.2250000000000001,12.248999999999993,RP
"Sims, Lucas",608371,2026,6,7.1,0,1,7,5,7,3.68,0,3.93,0.214,0.315,0.316,84.5,4.8,2026,Sims,Lucas,Lucas Sims,lucassims,-0.25,12.0,RP
"Webb, Jacob",657097,2025,55,66.0,5,4,58,19,49,3.074,1,3.397,0.217,0.365,0.286,86.758,6.043,2025,Webb,Jacob,Jacob Webb,jacobwebb,-0.32299999999999995,11.939000000000012,RP
"Mantiply, Joe",573009,2026,5,5.2,1,0,9,2,4,4.76,0,4.27,0.22,0.412,0.328,89.6,16.7,2026,Mantiply,Joe,Joe Mantiply,joemantiply,0.4900000000000002,11.800000000000013,RP
"Cavalli, Cade",676917,2025,10,48.2,3,1,40,15,57,4.277,0,4.225,0.259,0.393,0.319,87.601,4.392,2025,Cavalli,Cade,Cade Cavalli,cadecavalli,0.05200000000000049,11.67800000000001,RP
"Seabold, Connor",657756,2026,5,8.2,1,0,9,3,7,2.08,0,2.35,0.191,0.298,0.247,88.3,8.7,2026,Seabold,Connor,Connor Seabold,connorseabold,-0.27,11.100000000000005,RP
"Keller, Brad",641745,2025,68,69.2,4,2,75,22,45,2.165,3,2.79,0.197,0.297,0.262,86.714,5.591,2025,Keller,Brad,Brad Keller,bradkeller,-0.625,10.747000000000003,RP
"Weiss, Ryan",680802,2026,6,14.2,0,2,18,10,20,6.75,0,5.71,0.273,0.473,0.372,92.3,11.4,2026,Weiss,Ryan,Ryan Weiss,ryanweiss,1.04,10.700000000000008,RP
"King, Bryan",687911,2025,68,68.0,5,4,69,11,60,2.714,2,3.036,0.223,0.358,0.273,88.312,5.568,2025,King,Bryan,Bryan King,bryanking,-0.32200000000000006,10.696000000000002,RP
"Bernardino, Brennan",657514,2025,55,51.2,4,3,43,26,39,3.075,1,3.391,0.21,0.326,0.288,87.366,7.212,2025,Bernardino,Brennan,Brennan Bernardino,brennanbernardino,-0.31599999999999984,9.878000000000005,RP
"Morán, Jovani",663558,2026,5,10.1,0,0,12,5,4,1.74,0,2.13,0.144,0.281,0.235,88.8,8.7,2026,Morán,Jovani,Jovani Morán,jovanimoran,-0.3899999999999999,9.650000000000007,RP
"Klein, Will",694361,2026,5,7.2,1,0,9,3,6,1.17,0,2.01,0.191,0.246,0.228,85.9,5.6,2026,Klein,Will,Will Klein,willklein,-0.8399999999999999,9.24999999999999,RP
"Fermin, José",820862,2025,40,34.1,3,2,39,23,25,4.46,0,4.1,0.188,0.399,0.314,91.4,13.5,2025,Fermin,José,José Fermin,josefermin,0.3600000000000003,9.149999999999995,RP
"Hamilton, Ian",641656,2025,36,40.0,2,1,42,22,28,4.28,0,4.13,0.219,0.389,0.315,89.9,10.0,2025,Hamilton,Ian,Ian Hamilton,ianhamilton,0.15000000000000036,9.049999999999994,RP
"Backhus, Kyle",679775,2025,32,25.1,0,3,22,8,28,4.685,2,4.491,0.265,0.408,0.328,89.167,5.097,2025,Backhus,Kyle,Kyle Backhus,kylebackhus,0.19399999999999995,8.875999999999996,RP
"Hall, DL",669084,2025,20,38.2,1,0,27,17,24,3.347,0,3.563,0.222,0.353,0.294,87.996,6.259,2025,Hall,DL,DL Hall,dlhall,-0.2160000000000002,8.718000000000009,RP
"Alvarado, José",621237,2025,28,26.0,4,2,32,7,27,4.011,7,3.656,0.222,0.404,0.298,92.475,11.834,2025,Alvarado,José,José Alvarado,josealvarado,0.355,8.175000000000013,RP
"Beeks, Jalen",656222,2025,61,57.1,5,3,47,20,42,3.676,1,3.869,0.235,0.398,0.306,88.45,10.277,2025,Beeks,Jalen,Jalen Beeks,jalenbeeks,-0.19300000000000006,7.954999999999995,RP
"Whitlock, Garrett",676477,2025,62,72.0,7,3,91,24,54,2.261,1,2.886,0.2,0.311,0.265,88.423,8.861,2025,Whitlock,Garrett,Garrett Whitlock,garrettwhitlock,-0.625,7.828999999999995,RP
"Schreiber, John",670167,2025,74,64.0,3,3,62,19,57,3.901,1,4.127,0.245,0.416,0.314,88.625,9.294,2025,Schreiber,John,John Schreiber,johnschreiber,-0.22599999999999998,7.0600000000000005,RP
"Brazobán, Huascar",623211,2025,52,63.0,5,2,57,27,51,3.425,2,3.914,0.226,0.362,0.307,87.076,7.676,2025,Brazobán,Huascar,Huascar Brazobán,huascarbrazoban,-0.4890000000000003,6.663000000000009,RP
"Orze, Eric",679358,2025,33,41.2,1,1,40,19,38,3.038,3,3.617,0.214,0.356,0.296,86.886,7.519,2025,Orze,Eric,Eric Orze,ericorze,-0.5790000000000002,5.9430000000000085,RP
"Headrick, Brent",687396,2025,17,23.0,0,0,30,7,17,3.06,0,3.174,0.206,0.362,0.278,91.14,9.159,2025,Headrick,Brent,Brent Headrick,brentheadrick,-0.11399999999999988,5.709999999999999,RP
"Rodriguez, Bradgley",699134,2026,8,9.2,0,0,10,2,10,0.93,0,1.81,0.201,0.246,0.216,88.0,0.0,2026,Rodriguez,Bradgley,Bradgley Rodriguez,bradgleyrodriguez,-0.88,5.700000000000001,RP
"Borucki, Ryan",621366,2025,39,35.0,1,3,32,16,29,4.706,0,4.928,0.264,0.433,0.341,87.236,8.337,2025,Borucki,Ryan,Ryan Borucki,ryanborucki,-0.22199999999999953,5.697999999999997,RP
"Clarke, Taylor",664199,2025,51,55.1,1,1,44,9,38,3.262,1,3.648,0.239,0.416,0.298,89.007,8.006,2025,Clarke,Taylor,Taylor Clarke,taylorclarke,-0.3860000000000001,4.59599999999999,RP
"Gilbert, Tyler",656457,2025,46,51.0,4,2,49,24,40,4.06,1,4.207,0.22,0.404,0.316,90.058,10.22,2025,Gilbert,Tyler,Tyler Gilbert,tylergilbert,-0.14700000000000024,4.528999999999983,RP
"Banks, Tanner",621383,2025,69,67.1,6,2,61,12,56,3.142,1,3.755,0.252,0.42,0.302,87.66,7.713,2025,Banks,Tanner,Tanner Banks,tannerbanks,-0.613,4.335000000000008,RP
"Aldegheri, Sam",691951,2026,1,1.2,1,0,2,1,2,5.4,0,5.32,0.269,0.47,0.361,88.5,20.0,2026,Aldegheri,Sam,Sam Aldegheri,samaldegheri,0.08000000000000007,4.200000000000003,RP
"Armstrong, Shawn",542888,2025,71,74.0,4,3,74,20,40,2.301,9,3.093,0.202,0.338,0.275,88.234,7.395,2025,Armstrong,Shawn,Shawn Armstrong,shawnarmstrong,-0.7919999999999998,3.852000000000012,RP
"Harris, Hogan",663687,2025,48,64.2,2,1,65,33,54,3.154,4,3.796,0.24,0.353,0.303,87.739,5.289,2025,Harris,Hogan,Hogan Harris,hoganharris,-0.6419999999999999,3.8419999999999934,RP
"Agnos, Zach",688642,2025,30,31.1,1,3,19,17,31,6.616,4,6.409,0.277,0.538,0.381,89.354,12.268,2025,Agnos,Zach,Zach Agnos,zachagnos,0.20699999999999985,3.247,RP
"Gómez, Yoendrys",672782,2025,21,62.2,3,3,58,27,60,5.261,1,5.379,0.249,0.468,0.353,89.339,12.497,2025,Gómez,Yoendrys,Yoendrys Gómez,yoendrysgomez,-0.11799999999999944,3.1520000000000143,RP
"Funderburk, Kody",681892,2025,39,41.0,4,1,40,18,44,3.468,1,3.752,0.244,0.34,0.301,90.317,4.904,2025,Funderburk,Kody,Kody Funderburk,kodyfunderburk,-0.2839999999999998,3.0060000000000184,RP
"Poulin, PJ",676571,2025,28,24.2,2,1,27,13,23,3.679,1,4.038,0.23,0.346,0.312,89.376,4.655,2025,Poulin,PJ,PJ Poulin,pjpoulin,-0.35900000000000043,2.0129999999999844,RP
"Gaddis, Hunter",683769,2025,73,66.2,2,2,73,21,58,3.139,3,3.655,0.227,0.384,0.298,90.072,9.452,2025,Gaddis,Hunter,Hunter Gaddis,huntergaddis,-0.516,1.9659999999999966,RP
"Walker, Taijuan",592836,2025,34,123.2,5,8,86,42,132,4.313,1,4.721,0.259,0.439,0.335,89.366,7.421,2025,Walker,Taijuan,Taijuan Walker,taijuanwalker,-0.40800000000000036,1.9479999999999942,RP
"Brash, Matt",666374,2025,53,47.1,1,3,58,18,41,2.396,4,3.356,0.223,0.336,0.285,87.032,6.001,2025,Brash,Matt,Matt Brash,mattbrash,-0.96,1.9360000000000124,RP
"King, John",667463,2025,51,48.1,2,1,28,14,65,4.561,0,4.745,0.29,0.441,0.335,89.679,5.052,2025,King,John,John King,johnking,-0.18400000000000016,1.7819999999999927,RP
"Junk, Janson",676083,2025,21,110.0,6,4,77,13,112,4.182,1,4.35,0.277,0.453,0.323,91.632,8.119,2025,Junk,Janson,Janson Junk,jansonjunk,-0.16799999999999926,1.766000000000001,RP
"Weissert, Greg",669711,2025,72,67.0,6,6,57,21,57,2.938,4,3.489,0.22,0.371,0.291,89.892,7.955,2025,Weissert,Greg,Greg Weissert,gregweissert,-0.5509999999999997,1.7010000000000152,RP
"Rea, Colin",607067,2025,32,159.1,11,7,127,44,155,3.923,1,4.472,0.261,0.438,0.327,89.928,9.932,2025,Rea,Colin,Colin Rea,colinrea,-0.5490000000000004,1.5589999999999984,RP
"Lawrence, Justin",664875,2026,9,8.1,0,1,12,5,10,8.64,0,7.82,0.296,0.585,0.422,92.6,20.8,2026,Lawrence,Justin,Justin Lawrence,justinlawrence,0.8200000000000003,1.5000000000000182,RP
"Foster, Cameron",671382,2026,1,1.2,0,0,3,1,2,0.0,0,1.66,0.146,0.161,0.206,84.7,0.0,2026,Foster,Cameron,Cameron Foster,cameronfoster,-1.66,1.2499999999999978,RP
"Ashby, Aaron",676879,2025,43,66.2,5,2,76,24,54,2.234,3,3.099,0.219,0.302,0.276,89.256,3.469,2025,Ashby,Aaron,Aaron Ashby,aaronashby,-0.8650000000000002,0.7129999999999952,RP
"Topa, Justin",623437,2025,54,60.0,1,5,49,18,68,3.91,4,4.38,0.282,0.4,0.324,89.304,5.645,2025,Topa,Justin,Justin Topa,justintopa,-0.46999999999999975,0.39199999999999946,RP
"Wiemer, Joey",686894,2026,1,1.0,0,0,0,1,2,9.0,0,8.36,0.417,0.49,0.433,91.2,0.0,2026,Wiemer,Joey,Joey Wiemer,joeywiemer,0.6400000000000006,-0.09999999999999609,RP
"Bachar, Lake",669199,2025,53,71.0,8,2,75,30,55,3.888,3,4.374,0.228,0.441,0.323,90.219,10.388,2025,Bachar,Lake,Lake Bachar,lakebachar,-0.48599999999999977,-0.2779999999999845,RP
"Alvarado, Elvis",665660,2025,37,42.1,1,1,50,22,34,3.286,0,3.892,0.221,0.362,0.307,89.95,8.782,2025,Alvarado,Elvis,Elvis Alvarado,elvisalvarado,-0.6059999999999999,-1.190000000000003,RP
"Garcia, Robert",676395,2025,71,64.0,4,8,68,22,58,2.967,9,3.846,0.235,0.4,0.305,88.608,7.584,2025,Garcia,Robert,Robert Garcia,robertgarcia,-0.879,-1.5010000000000066,RP
"Newcomb, Sean",656794,2025,48,92.1,2,5,91,31,94,2.83,2,3.812,0.25,0.374,0.304,88.561,5.355,2025,Newcomb,Sean,Sean Newcomb,seannewcomb,-0.9819999999999998,-1.7020000000000097,RP
"Suarez, Robert",663158,2025,70,69.2,4,6,75,16,47,2.905,40,3.643,0.237,0.402,0.298,90.45,8.772,2025,Suarez,Robert,Robert Suarez,robertsuarez,-0.738,-2.020000000000003,RP
"Johnson, Pierce",572955,2025,65,59.0,3,3,59,19,52,3.072,1,3.751,0.229,0.395,0.301,90.499,9.105,2025,Johnson,Pierce,Pierce Johnson,piercejohnson,-0.6789999999999998,-2.332999999999985,RP
"Payamps, Joel",606303,2025,30,26.1,0,1,24,9,31,6.818,1,6.84,0.283,0.556,0.392,90.079,17.145,2025,Payamps,Joel,Joel Payamps,joelpayamps,-0.02200000000000024,-2.4879999999999916,RP
"Lange, Alex",656638,2026,6,7.2,0,0,12,5,7,3.52,0,3.91,0.201,0.344,0.315,91.0,17.6,2026,Lange,Alex,Alex Lange,alexlange,-0.3900000000000001,-2.7500000000000013,RP
"Englert, Mason",669438,2025,29,44.2,0,1,44,11,43,4.039,0,4.383,0.269,0.415,0.323,91.915,9.575,2025,Englert,Mason,Mason Englert,masonenglert,-0.3440000000000003,-3.0900000000000167,RP
"Sulser, Cole",642121,2025,18,22.2,2,1,22,7,20,2.151,0,3.078,0.225,0.312,0.271,89.994,2.337,2025,Sulser,Cole,Cole Sulser,colesulser,-0.927,-3.893000000000002,RP
"Brubaker, JT",664141,2025,17,28.2,0,0,22,12,23,3.711,0,4.372,0.255,0.39,0.323,89.423,5.964,2025,Brubaker,JT,JT Brubaker,jtbrubaker,-0.661,-3.961000000000005,RP
"Moll, Sam",594580,2026,9,9.1,1,0,8,6,1,1.93,0,3.39,0.153,0.173,0.295,84.6,0.0,2026,Moll,Sam,Sam Moll,sammoll,-1.4600000000000002,-4.199999999999987,RP
"Hurter, Brant",676428,2025,43,63.0,4,3,68,27,57,2.447,2,3.693,0.227,0.327,0.299,87.679,3.563,2025,Hurter,Brant,Brant Hurter,branthurter,-1.246,-4.548000000000004,RP
"Parker, Mitchell",680730,2025,33,164.2,9,16,103,58,178,5.623,1,5.913,0.297,0.507,0.368,92.308,9.504,2025,Parker,Mitchell,Mitchell Parker,mitchellparker,-0.29000000000000004,-4.616000000000012,RP
"Wells, Tyler",669330,2025,4,21.2,2,1,18,2,17,3.02,0,3.7,0.231,0.45,0.299,90.762,14.203,2025,Wells,Tyler,Tyler Wells,tylerwells,-0.6800000000000002,-4.724000000000002,RP
"Phillips, Tyler",663969,2025,54,77.2,2,1,52,24,65,2.681,4,3.669,0.24,0.37,0.299,89.307,5.406,2025,Phillips,Tyler,Tyler Phillips,tylerphillips,-0.988,-4.7340000000000035,RP
"Morgan, Eli",669212,2026,3,6.0,0,1,7,3,4,1.5,1,2.67,0.185,0.285,0.263,88.8,0.0,2026,Morgan,Eli,Eli Morgan,elimorgan,-1.17,-5.0999999999999925,RP
"Faucher, Calvin",676534,2025,65,60.1,4,4,59,24,53,3.317,15,4.378,0.263,0.387,0.324,88.039,5.105,2025,Faucher,Calvin,Calvin Faucher,calvinfaucher,-1.061,-5.4430000000000005,RP
"Tidwell, Blade",694918,2026,5,7.0,0,0,6,1,5,2.57,1,3.62,0.249,0.423,0.304,87.8,11.1,2026,Tidwell,Blade,Blade Tidwell,bladetidwell,-1.0500000000000003,-5.449999999999997,RP
"Mattson, Isaac",676755,2025,44,47.2,3,3,45,19,35,2.399,0,3.462,0.208,0.361,0.289,89.574,6.223,2025,Mattson,Isaac,Isaac Mattson,isaacmattson,-1.0630000000000002,-5.742999999999995,RP
"Silseth, Chase",681217,2026,10,7.1,0,0,9,6,5,2.45,0,3.72,0.206,0.327,0.308,86.3,11.1,2026,Silseth,Chase,Chase Silseth,chasesilseth,-1.27,-5.999999999999996,RP
"Spence, Mitch",687765,2025,32,84.2,3,6,66,26,96,5.1,1,5.7,0.284,0.508,0.363,90.2,11.9,2025,Spence,Mitch,Mitch Spence,mitchspence,-0.6000000000000005,-6.400000000000009,RP
"Assad, Javier",665871,2025,8,37.0,4,1,23,12,33,3.872,0,4.854,0.281,0.413,0.339,88.435,3.61,2025,Assad,Javier,Javier Assad,javierassad,-0.9820000000000002,-8.35000000000001,RP
"Romero, JoJo",668941,2025,65,61.0,4,6,55,29,47,1.965,8,3.507,0.22,0.343,0.292,87.457,6.913,2025,Romero,JoJo,JoJo Romero,jojoromero,-1.542,-8.493999999999986,RP
"Bender, Anthony",669622,2025,51,50.0,3,5,42,21,32,2.309,4,3.539,0.215,0.365,0.293,89.46,7.134,2025,Bender,Anthony,Anthony Bender,anthonybender,-1.23,-8.569999999999984,RP
"Mears, Nick",683232,2025,63,56.2,5,3,46,13,42,3.491,1,4.44,0.259,0.466,0.326,90.4,10.708,2025,Mears,Nick,Nick Mears,nickmears,-0.9490000000000003,-9.335000000000015,RP
"Blubaugh, AJ",805123,2025,11,32.0,3,1,35,11,17,2.064,0,3.312,0.184,0.383,0.284,90.053,10.398,2025,Blubaugh,AJ,AJ Blubaugh,ajblubaugh,-1.2479999999999998,-9.475999999999987,RP
"Kelly, Kevin",687330,2025,41,39.2,2,5,35,9,45,5.941,0,6.381,0.293,0.573,0.381,91.269,15.675,2025,Kelly,Kevin,Kevin Kelly,kevinkelly,-0.4400000000000004,-9.488000000000017,RP
"Latz, Jacob",656641,2025,33,85.2,2,0,76,37,69,2.767,1,3.997,0.246,0.395,0.309,89.989,6.602,2025,Latz,Jacob,Jacob Latz,jacoblatz,-1.23,-9.528000000000006,RP
"Pomeranz, Drew",519141,2025,57,49.2,2,2,57,15,38,2.263,1,3.548,0.215,0.365,0.294,90.044,8.684,2025,Pomeranz,Drew,Drew Pomeranz,drewpomeranz,-1.2850000000000001,-9.912999999999995,RP
"Morgan, David",688158,2025,41,47.1,1,2,50,23,35,2.526,0,3.679,0.224,0.348,0.299,90.635,7.216,2025,Morgan,David,David Morgan,davidmorgan,-1.153,-9.96500000000001,RP
"Petersen, Michael",656848,2026,7,8.0,1,1,7,4,5,3.38,1,4.24,0.191,0.464,0.327,90.4,13.6,2026,Petersen,Michael,Michael Petersen,michaelpetersen,-0.8600000000000003,-10.050000000000018,RP
"Miles, Spencer",693686,2026,5,9.1,1,0,8,3,8,3.86,0,5.02,0.278,0.475,0.352,87.0,7.7,2026,Miles,Spencer,Spencer Miles,spencermiles,-1.1599999999999997,-10.199999999999994,RP
"Hudson, Bryan",663542,2026,8,7.2,0,0,9,4,6,2.35,0,3.25,0.228,0.27,0.289,92.2,0.0,2026,Hudson,Bryan,Bryan Hudson,bryanhudson,-0.8999999999999999,-10.350000000000001,RP
"Shugart, Chase",663767,2025,35,45.0,4,3,31,17,33,3.366,0,4.625,0.241,0.441,0.332,87.917,9.009,2025,Shugart,Chase,Chase Shugart,chaseshugart,-1.259,-10.369000000000003,RP
"Sabrowski, Erik",681870,2025,33,29.1,0,1,42,21,14,1.847,0,3.261,0.156,0.279,0.281,89.781,3.704,2025,Sabrowski,Erik,Erik Sabrowski,eriksabrowski,-1.4140000000000001,-10.772000000000014,RP
"Akin, Keegan",669211,2025,64,63.1,5,4,59,33,54,3.41,8,4.67,0.238,0.439,0.333,89.4,9.7,2025,Akin,Keegan,Keegan Akin,keeganakin,-1.2599999999999998,-12.050000000000011,RP
"Coulombe, Danny",543056,2025,55,43.0,2,1,43,18,32,2.287,2,3.941,0.242,0.381,0.308,87.452,5.228,2025,Coulombe,Danny,Danny Coulombe,dannycoulombe,-1.654,-12.363999999999995,RP
"Lynch IV, Daniel",663738,2025,57,67.2,6,2,45,26,66,2.992,1,4.454,0.252,0.414,0.325,88.431,7.712,2025,Lynch IV,Daniel,Daniel Lynch IV,daniellynchiv,-1.4619999999999997,-13.041999999999991,RP
"Vodnik, Victor",680767,2025,52,50.2,4,3,49,26,45,2.989,10,4.2,0.233,0.394,0.318,90.928,8.416,2025,Vodnik,Victor,Victor Vodnik,victorvodnik,-1.2110000000000003,-13.371000000000002,RP
"Varland, Gus",681402,2026,7,6.2,0,0,7,3,6,4.05,2,4.92,0.252,0.475,0.349,91.2,15.8,2026,Varland,Gus,Gus Varland,gusvarland,-0.8700000000000001,-14.000000000000004,RP
"Leahy, Kyle",681517,2025,62,88.0,4,2,80,28,80,3.215,1,4.717,0.264,0.417,0.333,89.373,10.283,2025,Leahy,Kyle,Kyle Leahy,kyleleahy,-1.5019999999999998,-14.576000000000008,RP
"Griffin, Foster",656492,2026,4,20.2,2,0,19,7,19,3.05,0,4.3,0.253,0.43,0.329,90.2,11.7,2026,Griffin,Foster,Foster Griffin,fostergriffin,-1.25,-15.100000000000009,RP
"Phillips, Connor",683175,2025,21,25.0,5,0,32,12,11,2.852,0,4.035,0.187,0.382,0.312,92.35,15.161,2025,Phillips,Connor,Connor Phillips,connorphillips,-1.1830000000000003,-16.04499999999999,RP
"Nance, Tommy",667297,2025,30,31.2,2,0,32,7,25,2.172,0,3.908,0.266,0.388,0.307,88.978,8.107,2025,Nance,Tommy,Tommy Nance,tommynance,-1.7359999999999998,-17.095999999999982,RP
"Nardi, Andrew",677053,2026,7,6.0,1,0,8,3,6,6.0,0,6.95,0.264,0.6,0.403,91.6,20.0,2026,Nardi,Andrew,Andrew Nardi,andrewnardi,-0.9500000000000002,-21.349999999999994,RP
"Watson, Ryan",670245,2026,8,11.0,0,0,6,7,11,7.36,0,8.52,0.292,0.615,0.436,90.1,18.4,2026,Watson,Ryan,Ryan Watson,ryanwatson,-1.1599999999999993,-24.899999999999974,RP
"Anderson, Jack",681252,2026,1,3.0,0,0,4,1,1,3.0,0,5.15,0.223,0.558,0.356,88.5,16.7,2026,Anderson,Jack,Jack Anderson,jackanderson,-2.1500000000000004,-28.65000000000001,RP
"Kilian, Caleb",668873,2026,8,7.0,0,0,10,4,2,1.29,0,3.72,0.199,0.326,0.308,89.5,8.3,2026,Kilian,Caleb,Caleb Kilian,calebkilian,-2.43,-29.75,RP
"Suárez, Albert",544150,2026,3,7.0,1,0,3,2,7,5.14,1,6.65,0.306,0.58,0.396,92.2,12.5,2026,Suárez,Albert,Albert Suárez,albertsuarez,-1.5100000000000007,-30.500000000000018,RP
"Hoffmann, Andrew",694851,2026,5,8.0,1,0,8,5,4,1.13,0,3.75,0.203,0.336,0.309,88.9,5.0,2026,Hoffmann,Andrew,Andrew Hoffmann,andrewhoffmann,-2.62,-31.600000000000016,RP
"Medina, Luis",665622,2026,6,8.0,0,1,9,5,6,3.38,0,5.46,0.244,0.509,0.365,90.6,19.0,2026,Medina,Luis,Luis Medina,luismedina,-2.08,-32.44999999999999,RP
"Winn, Cole",668390,2025,33,41.2,0,1,35,17,23,1.576,0,4.172,0.216,0.407,0.316,91.24,10.146,2025,Winn,Cole,Cole Winn,colewinn,-2.5959999999999996,-35.26999999999999,RP
"Williamson, Brandon",682227,2026,3,15.1,1,1,10,9,12,5.28,0,7.39,0.303,0.557,0.413,89.5,12.8,2026,Williamson,Brandon,Brandon Williamson,brandonwilliamson,-2.1099999999999994,-35.44999999999999,RP
"Wilcox, Cole",677961,2026,6,7.1,0,0,9,2,7,4.91,0,6.69,0.287,0.532,0.397,94.1,15.8,2026,Wilcox,Cole,Cole Wilcox,colewilcox,-1.7800000000000002,-38.14999999999999,RP
"Pallette, Peyton",688883,2026,5,7.2,0,1,9,3,7,4.7,0,6.41,0.299,0.479,0.39,95.0,15.0,2026,Pallette,Peyton,Peyton Pallette,peytonpallette,-1.71,-38.199999999999996,RP
"Roa, Christian",685005,2026,7,8.2,0,1,6,7,10,5.19,0,7.67,0.298,0.494,0.419,91.8,7.4,2026,Roa,Christian,Christian Roa,christianroa,-2.4799999999999995,-46.39999999999999,RP
"Bigge, Hunter",685801,2026,5,5.1,0,0,2,5,1,1.69,0,5.5,0.213,0.466,0.366,85.9,13.3,2026,Bigge,Hunter,Hunter Bigge,hunterbigge,-3.81,-49.45000000000001,RP
"Scholtens, Jesse",669947,2026,2,9.2,1,0,7,3,5,0.0,0,4.16,0.269,0.37,0.324,86.4,4.0,2026,Scholtens,Jesse,Jesse Scholtens,jessescholtens,-4.16,-51.250000000000014,RP
"France, J.P.",641585,2026,2,4.2,0,0,3,4,5,7.71,0,10.72,0.347,0.609,0.474,91.2,13.3,2026,France,J.P.,J.P. France,jpfrance,-3.0100000000000007,-58.80000000000002,RP
"Criswell, Cooper",681867,2026,6,9.0,0,0,8,3,7,2.0,1,5.57,0.279,0.536,0.368,92.9,13.6,2026,Criswell,Cooper,Cooper Criswell,coopercriswell,-3.5700000000000003,-59.750000000000014,RP
"Kay, Anthony",641743,2026,4,17.1,1,0,12,9,13,2.6,0,6.91,0.308,0.496,0.402,90.9,7.4,2026,Kay,Anthony,Anthony Kay,anthonykay,-4.3100000000000005,-70.05000000000003,RP
"Kimbrel, Craig",518886,2026,2,2.0,0,0,2,0,2,0.0,0,6.45,0.386,0.52,0.391,91.5,0.0,2026,Kimbrel,Craig,Craig Kimbrel,craigkimbrel,-6.45,-102.75,RP
"Little, Luke",681432,2026,1,1.0,0,0,1,0,2,9.0,0,14.82,0.339,0.933,0.528,90.0,25.0,2026,Little,Luke,Luke Little,lukelittle,-5.82,-104.05000000000001,RP
