"last_name, first_name",player_id,year,pa,ab,hit,home_run,r_total_stolen_base,walk,strikeout,batting_avg,on_base_percent,slg_percent,on_base_plus_slg,isolated_power,babip,xba,xslg,woba,xwoba,exit_velocity_avg,launch_angle_avg,barrel_batted_rate,r_run,b_rbi,data_year,last_name,first_name,Name,Name_norm,diff_xwoba,breakout_score,diff_babip
"Matthews, Brice",694728,2026,9,9,2,1,0,0,6,0.222,0.222,0.667,0.889,0.445,0.5,0.192,0.589,0.378,0.32,99.7,24.2,33.3,0,0,2026,Matthews,Brice,Brice Matthews,bricematthews,-0.057999999999999996,81.76,-0.2
"Caissie, Owen",683357,2026,14,13,5,1,1,1,3,0.385,0.429,0.769,1.198,0.384,0.444,0.329,0.68,0.516,0.444,94.5,19.3,30.0,2,4,2026,Caissie,Owen,Owen Caissie,owencaissie,-0.07200000000000001,68.91999999999999,-0.14400000000000002
"Jensen, Carter",695600,2025,69,60,18,3,0,9,12,0.3,0.391,0.55,0.941,0.25,0.324,0.331,0.624,0.398,0.441,95.382,7.3,20.631,12,13,2025,Jensen,Carter,Carter Jensen,carterjensen,0.04299999999999998,67.08600000000001,-0.02400000000000002
"Acosta, Maximo",691185,2025,61,54,11,3,1,6,17,0.204,0.295,0.389,0.684,0.185,0.235,0.248,0.473,0.302,0.349,93.5,9.9,13.5,7,5,2025,Acosta,Maximo,Maximo Acosta,maximoacosta,0.046999999999999986,51.99,0.065
"Benson, Will",666181,2025,253,230,52,12,2,16,67,0.226,0.273,0.435,0.708,0.209,0.259,0.257,0.494,0.3,0.342,92.427,16.1,15.154,31,41,2025,Benson,Will,Will Benson,willbenson,0.04200000000000004,51.41200000000001,0.04099999999999998
"O'Neill, Tyler",641933,2025,209,181,36,9,4,22,51,0.199,0.292,0.392,0.684,0.193,0.216,0.243,0.525,0.298,0.361,88.839,22.2,16.36,22,26,2025,O'Neill,Tyler,Tyler O'Neill,tyleroneill,0.063,50.858,0.08399999999999999
"Young, Jared",676724,2026,5,5,1,0,0,0,1,0.2,0.2,0.4,0.6,0.2,0.25,0.244,0.368,0.259,0.265,84.2,-14.3,25.0,0,0,2026,Young,Jared,Jared Young,jaredyoung,0.006000000000000005,50.68000000000001,0.04999999999999999
"Crim, Blaine",688760,2025,74,65,13,5,0,6,28,0.2,0.27,0.462,0.732,0.262,0.235,0.215,0.457,0.309,0.322,92.2,14.9,15.4,10,12,2025,Crim,Blaine,Blaine Crim,blainecrim,0.013000000000000012,49.93000000000001,0.065
"Benge, Carson",701807,2026,16,14,3,1,1,2,5,0.214,0.313,0.429,0.742,0.215,0.25,0.22,0.413,0.334,0.325,97.3,8.1,11.1,2,1,2026,Benge,Carson,Carson Benge,carsonbenge,-0.009000000000000008,49.07999999999999,0.04999999999999999
"Slater, Austin",596103,2025,160,148,32,5,1,11,51,0.216,0.27,0.372,0.642,0.156,0.289,0.244,0.471,0.276,0.328,92.018,7.7,14.1,22,13,2025,Slater,Austin,Austin Slater,austinslater,0.05199999999999999,47.506,0.01100000000000001
"Outman, James",681546,2025,148,134,18,6,1,12,63,0.134,0.216,0.321,0.537,0.187,0.184,0.158,0.371,0.237,0.265,88.025,18.0,16.799,19,11,2025,Outman,James,James Outman,jamesoutman,0.028000000000000025,46.988000000000014,0.11599999999999999
"Gray, Tristan",656484,2025,86,78,18,3,0,6,19,0.231,0.282,0.41,0.692,0.179,0.266,0.258,0.473,0.3,0.349,91.428,18.5,13.262,9,9,2025,Gray,Tristan,Tristan Gray,tristangray,0.04899999999999999,45.97999999999999,0.033999999999999975
"Canzone, Dominic",686527,2025,269,243,73,11,3,20,59,0.3,0.358,0.481,0.839,0.181,0.346,0.292,0.545,0.366,0.382,92.407,10.5,14.806,30,32,2025,Canzone,Dominic,Dominic Canzone,dominiccanzone,0.016000000000000014,45.046,-0.045999999999999985
"Grichuk, Randal",545341,2025,293,272,62,9,0,17,61,0.228,0.273,0.401,0.674,0.173,0.258,0.259,0.458,0.288,0.326,92.326,17.6,11.853,35,27,2025,Grichuk,Randal,Randal Grichuk,randalgrichuk,0.038000000000000034,44.01799999999999,0.04199999999999998
"Clemens, Kody",665019,2025,386,348,74,19,5,29,93,0.213,0.281,0.434,0.715,0.221,0.23,0.242,0.463,0.304,0.33,91.462,16.7,12.16,46,52,2025,Clemens,Kody,Kody Clemens,kodyclemens,0.026000000000000023,43.42400000000001,0.06999999999999998
"Vierling, Matt",663837,2025,100,88,21,1,2,7,24,0.239,0.31,0.307,0.617,0.068,0.305,0.248,0.432,0.275,0.335,92.059,20.4,11.979,6,11,2025,Vierling,Matt,Matt Vierling,mattvierling,0.06,43.32599999999999,-0.0050000000000000044
"Muncy, Max",571970,2025,388,313,76,19,4,64,83,0.243,0.376,0.47,0.846,0.227,0.267,0.241,0.495,0.366,0.376,91.348,19.6,13.301,48,67,2025,Muncy,Max,Max Muncy,maxmuncy,0.010000000000000009,43.268,0.032999999999999974
"Wallner, Matt",670242,2025,392,336,68,22,4,46,114,0.202,0.311,0.464,0.775,0.262,0.224,0.206,0.437,0.333,0.328,90.946,21.1,13.708,47,40,2025,Wallner,Matt,Matt Wallner,mattwallner,-0.0050000000000000044,43.26799999999999,0.07599999999999998
"McMahon, Ryan",641857,2025,586,509,109,20,3,70,189,0.214,0.312,0.381,0.693,0.167,0.291,0.217,0.415,0.303,0.321,93.202,13.9,12.21,62,53,2025,McMahon,Ryan,Ryan McMahon,ryanmcmahon,0.018000000000000016,43.134,0.009000000000000008
"Morel, Christopher",666624,2025,305,278,61,11,7,25,109,0.219,0.289,0.396,0.685,0.177,0.316,0.213,0.42,0.299,0.304,91.8,17.0,14.8,37,33,2025,Morel,Christopher,Christopher Morel,christophermorel,0.0050000000000000044,42.87999999999999,-0.016000000000000014
"Vaughn, Andrew",683734,2025,447,406,103,14,0,31,80,0.254,0.307,0.411,0.718,0.157,0.28,0.273,0.477,0.31,0.348,91.533,13.3,11.904,35,65,2025,Vaughn,Andrew,Andrew Vaughn,andrewvaughn,0.03799999999999998,41.874,0.019999999999999962
"Bell, Josh",605137,2025,533,468,111,22,0,57,88,0.237,0.325,0.417,0.742,0.18,0.248,0.253,0.479,0.323,0.356,90.589,10.4,12.074,54,63,2025,Bell,Josh,Josh Bell,joshbell,0.032999999999999974,41.68599999999999,0.05199999999999999
"Cowser, Colton",681297,2025,360,327,64,16,14,27,128,0.196,0.269,0.385,0.654,0.189,0.264,0.199,0.401,0.286,0.292,90.718,13.8,13.874,36,40,2025,Cowser,Colton,Colton Cowser,coltoncowser,0.006000000000000005,41.304,0.035999999999999976
"Rushing, Dalton",687221,2025,155,142,29,4,0,10,58,0.204,0.258,0.324,0.582,0.12,0.305,0.203,0.379,0.256,0.283,90.8,17.2,14.0,15,24,2025,Rushing,Dalton,Dalton Rushing,daltonrushing,0.02699999999999997,41.16999999999999,-0.0050000000000000044
"Sánchez, Gary",596142,2025,101,91,21,5,0,4,27,0.231,0.297,0.418,0.715,0.187,0.274,0.24,0.424,0.314,0.316,93.35,18.4,11.192,13,24,2025,Sánchez,Gary,Gary Sánchez,garysanchez,0.0020000000000000018,40.86399999999999,0.025999999999999968
"O'Hoppe, Logan",681351,2025,451,423,90,19,2,24,139,0.213,0.258,0.371,0.629,0.158,0.269,0.224,0.415,0.272,0.296,90.606,17.3,12.901,35,43,2025,O'Hoppe,Logan,Logan O'Hoppe,loganohoppe,0.023999999999999966,40.40399999999998,0.030999999999999972
"Jones, Jahmai",663330,2025,150,129,37,7,2,18,32,0.287,0.387,0.55,0.937,0.263,0.332,0.291,0.547,0.397,0.399,91.511,20.0,13.346,21,23,2025,Jones,Jahmai,Jahmai Jones,jahmaijones,0.0020000000000000018,40.253999999999984,-0.03200000000000003
"Pederson, Joc",592626,2025,306,265,48,9,2,34,65,0.181,0.285,0.328,0.613,0.147,0.201,0.217,0.389,0.274,0.314,91.3,16.9,9.386,28,26,2025,Pederson,Joc,Joc Pederson,jocpederson,0.03999999999999998,39.80199999999999,0.09899999999999998
"Davis, Henry",680779,2025,283,252,42,7,2,18,76,0.167,0.234,0.278,0.512,0.111,0.204,0.212,0.385,0.23,0.292,88.756,23.3,11.201,25,22,2025,Davis,Henry,Henry Davis,henrydavis,0.06199999999999997,39.513999999999996,0.096
"Schneider, Davis",676914,2025,227,188,44,11,3,36,60,0.234,0.361,0.436,0.797,0.202,0.278,0.188,0.409,0.352,0.323,90.869,24.2,14.154,33,31,2025,Schneider,Davis,Davis Schneider,davisschneider,-0.02899999999999997,39.286,0.021999999999999964
"Torrens, Luis",620443,2025,283,261,59,5,1,19,56,0.226,0.284,0.345,0.629,0.119,0.273,0.275,0.454,0.279,0.338,90.581,6.2,10.614,20,29,2025,Torrens,Luis,Luis Torrens,luistorrens,0.059,39.220000000000006,0.02699999999999997
"Dezenzo, Zach",701305,2025,109,98,24,2,1,11,37,0.245,0.321,0.367,0.688,0.122,0.373,0.225,0.426,0.306,0.316,89.3,17.5,16.4,17,10,2025,Dezenzo,Zach,Zach Dezenzo,zachdezenzo,0.010000000000000009,38.86999999999999,-0.07300000000000001
"Vientos, Mark",668901,2025,463,424,99,17,1,30,115,0.233,0.289,0.413,0.702,0.18,0.278,0.246,0.432,0.304,0.32,91.416,11.5,11.477,44,61,2025,Vientos,Mark,Mark Vientos,markvientos,0.016000000000000014,38.565999999999995,0.021999999999999964
"Stephenson, Tyler",663886,2025,342,299,69,13,0,37,116,0.231,0.316,0.421,0.737,0.19,0.316,0.215,0.408,0.314,0.311,90.552,12.9,14.112,40,50,2025,Stephenson,Tyler,Tyler Stephenson,tylerstephenson,-0.0030000000000000027,38.50800000000001,-0.016000000000000014
"Moncada, Yoán",660162,2025,289,248,58,12,0,32,75,0.234,0.336,0.448,0.784,0.214,0.273,0.214,0.415,0.338,0.324,89.841,15.1,14.024,39,35,2025,Moncada,Yoán,Yoán Moncada,yoanmoncada,-0.014000000000000012,38.43999999999998,0.02699999999999997
"Sánchez, Jesús",660821,2025,497,451,107,14,13,42,110,0.237,0.304,0.395,0.699,0.158,0.285,0.249,0.455,0.311,0.331,91.343,9.3,11.366,61,48,2025,Sánchez,Jesús,Jesús Sánchez,jesussanchez,0.020000000000000018,38.388000000000005,0.015000000000000013
"Alvarez, Francisco",682626,2025,277,246,63,11,0,27,73,0.256,0.339,0.447,0.786,0.191,0.321,0.23,0.442,0.348,0.329,92.98,9.6,12.153,32,32,2025,Alvarez,Francisco,Francisco Alvarez,franciscoalvarez,-0.01899999999999996,38.27600000000001,-0.02100000000000002
"Murphy, Sean",669221,2025,337,291,58,16,0,35,105,0.199,0.3,0.409,0.709,0.21,0.243,0.201,0.408,0.309,0.314,89.1,10.6,13.2,34,45,2025,Murphy,Sean,Sean Murphy,seanmurphy,0.0050000000000000044,38.12999999999999,0.056999999999999995
"Barger, Addison",680718,2025,502,460,112,21,4,36,121,0.243,0.301,0.454,0.755,0.211,0.275,0.25,0.451,0.315,0.327,91.544,11.9,11.058,61,74,2025,Barger,Addison,Addison Barger,addisonbarger,0.01200000000000001,37.95399999999999,0.024999999999999967
"Torkelson, Spencer",679529,2025,649,563,135,31,2,72,169,0.24,0.333,0.456,0.789,0.216,0.285,0.227,0.452,0.336,0.333,89.923,23.1,13.414,82,78,2025,Torkelson,Spencer,Spencer Torkelson,spencertorkelson,-0.0030000000000000027,37.844,0.015000000000000013
"Baty, Brett",683146,2025,432,393,100,18,8,33,108,0.254,0.313,0.435,0.748,0.181,0.308,0.252,0.455,0.323,0.332,90.704,5.8,12.638,53,50,2025,Baty,Brett,Brett Baty,brettbaty,0.009000000000000008,37.64399999999999,-0.008000000000000007
"Hill, Derek",656537,2025,149,134,29,3,7,9,48,0.216,0.281,0.328,0.609,0.112,0.312,0.231,0.414,0.272,0.309,91.2,6.8,11.2,19,11,2025,Hill,Derek,Derek Hill,derekhill,0.03699999999999998,37.339999999999996,-0.01200000000000001
"Conine, Griffin",665052,2025,86,79,20,2,0,7,25,0.253,0.314,0.418,0.732,0.165,0.347,0.234,0.388,0.319,0.301,90.906,8.0,14.593,13,8,2025,Conine,Griffin,Griffin Conine,griffinconine,-0.018000000000000016,37.22800000000001,-0.046999999999999986
"Julien, Edouard",666397,2025,208,182,40,3,0,22,61,0.22,0.309,0.324,0.633,0.104,0.311,0.241,0.424,0.285,0.328,89.172,6.1,12.495,13,12,2025,Julien,Edouard,Edouard Julien,edouardjulien,0.04300000000000004,36.78399999999999,-0.01100000000000001
"Manzardo, Kyle",700932,2025,531,470,110,27,2,48,135,0.234,0.313,0.455,0.768,0.221,0.264,0.224,0.437,0.322,0.319,90.547,21.3,11.827,47,70,2025,Manzardo,Kyle,Kyle Manzardo,kylemanzardo,-0.0030000000000000027,36.68799999999999,0.035999999999999976
"Moniak, Mickey",666160,2025,461,434,117,24,9,22,110,0.27,0.306,0.518,0.824,0.248,0.307,0.262,0.497,0.348,0.337,89.7,17.4,13.8,62,68,2025,Moniak,Mickey,Mickey Moniak,mickeymoniak,-0.010999999999999954,36.51000000000001,-0.007000000000000006
"Merrill, Jackson",701538,2025,483,440,116,16,1,33,108,0.264,0.317,0.457,0.774,0.193,0.308,0.259,0.484,0.33,0.343,89.636,15.2,12.85,59,67,2025,Merrill,Jackson,Jackson Merrill,jacksonmerrill,0.013000000000000012,36.471999999999994,-0.008000000000000007
"Refsnyder, Rob",608701,2025,209,182,49,9,3,24,54,0.269,0.354,0.484,0.838,0.215,0.328,0.241,0.454,0.356,0.336,91.895,12.1,12.202,29,30,2025,Refsnyder,Rob,Rob Refsnyder,robrefsnyder,-0.019999999999999962,35.913999999999994,-0.028000000000000025
"Ozuna, Marcell",542303,2025,592,487,113,21,0,94,144,0.232,0.355,0.4,0.755,0.168,0.275,0.238,0.444,0.329,0.352,89.796,14.1,11.081,61,68,2025,Ozuna,Marcell,Marcell Ozuna,marcellozuna,0.022999999999999965,35.88400000000001,0.024999999999999967
"Conforto, Michael",624424,2025,486,418,83,12,1,56,121,0.199,0.305,0.333,0.638,0.134,0.244,0.23,0.405,0.285,0.327,89.998,12.9,9.584,54,36,2025,Conforto,Michael,Michael Conforto,michaelconforto,0.04200000000000004,35.86400000000001,0.055999999999999994
"Mountcastle, Ryan",663624,2025,357,332,83,7,3,15,98,0.25,0.286,0.367,0.653,0.117,0.325,0.253,0.427,0.283,0.313,90.612,9.1,11.583,34,35,2025,Mountcastle,Ryan,Ryan Mountcastle,ryanmountcastle,0.030000000000000027,35.79999999999999,-0.025000000000000022
"Kirk, Alejandro",672386,2025,506,451,127,15,1,48,59,0.282,0.348,0.421,0.769,0.139,0.284,0.275,0.474,0.332,0.356,90.859,11.9,10.097,45,76,2025,Kirk,Alejandro,Alejandro Kirk,alejandrokirk,0.023999999999999966,35.75199999999998,0.016000000000000014
"Soler, Jorge",624585,2025,315,279,60,12,0,28,94,0.215,0.293,0.387,0.68,0.172,0.276,0.202,0.379,0.3,0.292,89.508,13.8,12.666,31,34,2025,Soler,Jorge,Jorge Soler,jorgesoler,-0.008000000000000007,34.74799999999999,0.023999999999999966
"Alexander, Blaze",677942,2025,266,230,53,7,4,22,86,0.23,0.323,0.383,0.706,0.153,0.337,0.214,0.377,0.314,0.307,90.228,7.3,12.901,31,28,2025,Alexander,Blaze,Blaze Alexander,blazealexander,-0.007000000000000006,33.987999999999985,-0.03700000000000003
"Pereira, Everson",677592,2025,73,65,9,2,2,7,28,0.138,0.219,0.246,0.465,0.108,0.199,0.164,0.312,0.217,0.246,90.512,13.2,8.329,7,8,2025,Pereira,Everson,Everson Pereira,eversonpereira,0.028999999999999998,33.971999999999994,0.10099999999999998
"Kemp, Otto",805249,2025,218,197,46,8,2,12,67,0.234,0.298,0.411,0.709,0.177,0.306,0.232,0.417,0.307,0.31,89.676,11.5,11.931,26,28,2025,Kemp,Otto,Otto Kemp,ottokemp,0.0030000000000000027,33.354,-0.006000000000000005
"Baldwin, Brooks",681460,2025,328,300,72,11,5,21,86,0.24,0.29,0.407,0.697,0.167,0.298,0.235,0.416,0.302,0.307,90.4,14.8,10.9,32,38,2025,Baldwin,Brooks,Brooks Baldwin,brooksbaldwin,0.0050000000000000044,33.240000000000016,0.0020000000000000018
"Schneemann, Daniel",682177,2025,422,379,78,12,9,38,117,0.206,0.283,0.354,0.637,0.148,0.264,0.218,0.389,0.28,0.298,88.913,10.9,11.104,48,41,2025,Schneemann,Daniel,Daniel Schneemann,danielschneemann,0.01799999999999996,33.23399999999999,0.035999999999999976
"Volpe, Anthony",683011,2025,596,539,114,19,18,43,150,0.212,0.272,0.391,0.663,0.179,0.252,0.223,0.405,0.286,0.301,89.3,12.4,10.5,65,72,2025,Volpe,Anthony,Anthony Volpe,anthonyvolpe,0.015000000000000013,33.21999999999999,0.04799999999999999
"Sosa, Lenyn",672820,2025,544,518,137,22,2,18,127,0.264,0.293,0.434,0.727,0.17,0.303,0.259,0.459,0.307,0.321,90.674,18.4,10.192,57,75,2025,Sosa,Lenyn,Lenyn Sosa,lenynsosa,0.014000000000000012,33.122000000000014,-0.0030000000000000027
"García Jr., Luis",671277,2025,526,488,123,16,14,27,84,0.252,0.289,0.412,0.701,0.16,0.27,0.28,0.465,0.3,0.336,90.242,9.2,8.748,67,66,2025,García Jr.,Luis,Luis García Jr.,luisgarciajr,0.03600000000000003,33.08000000000001,0.02999999999999997
"Wells, Austin",669224,2025,448,401,88,21,5,30,118,0.219,0.275,0.436,0.711,0.217,0.245,0.214,0.394,0.299,0.292,90.558,20.7,9.914,51,71,2025,Wells,Austin,Austin Wells,austinwells,-0.007000000000000006,32.97400000000001,0.05499999999999999
"Naylor, Bo",666310,2025,414,359,70,14,1,45,99,0.195,0.282,0.379,0.661,0.184,0.22,0.2,0.369,0.285,0.291,89.521,21.3,9.81,46,47,2025,Naylor,Bo,Bo Naylor,bonaylor,0.006000000000000005,32.962,0.07999999999999999
"Westburg, Jordan",676059,2025,352,328,87,17,1,17,80,0.265,0.313,0.457,0.77,0.192,0.302,0.253,0.46,0.332,0.327,90.2,14.1,11.2,59,41,2025,Westburg,Jordan,Jordan Westburg,jordanwestburg,-0.0050000000000000044,32.84,-0.0020000000000000018
"Casas, Triston",671213,2025,112,99,18,3,0,11,27,0.182,0.277,0.303,0.58,0.121,0.217,0.212,0.409,0.256,0.304,87.6,15.1,9.7,5,11,2025,Casas,Triston,Triston Casas,tristoncasas,0.04799999999999999,32.66999999999998,0.08299999999999999
"d'Arnaud, Travis",518595,2025,231,213,42,6,0,13,74,0.197,0.255,0.343,0.598,0.146,0.273,0.194,0.365,0.264,0.272,88.286,17.9,11.932,16,21,2025,d'Arnaud,Travis,Travis d'Arnaud,travisdarnaud,0.008000000000000007,31.866000000000003,0.02699999999999997
"Garver, Mitch",641598,2025,290,254,53,9,3,30,80,0.209,0.297,0.343,0.64,0.134,0.262,0.209,0.371,0.284,0.298,91.5,19.4,7.9,29,30,2025,Garver,Mitch,Mitch Garver,mitchgarver,0.014000000000000012,31.78,0.03799999999999998
"Arias, Gabriel",672356,2025,471,432,95,11,8,27,162,0.22,0.274,0.363,0.637,0.143,0.314,0.21,0.377,0.272,0.28,90.082,6.1,10.984,44,54,2025,Arias,Gabriel,Gabriel Arias,gabrielarias,0.008000000000000007,31.67199999999999,-0.014000000000000012
"Sheets, Gavin",657757,2025,545,492,124,19,2,44,107,0.252,0.317,0.429,0.746,0.177,0.278,0.261,0.448,0.317,0.337,89.768,14.0,9.31,57,71,2025,Sheets,Gavin,Gavin Sheets,gavinsheets,0.020000000000000018,31.596000000000004,0.021999999999999964
"Diaz, Yainer",673237,2025,567,542,139,20,1,20,95,0.256,0.284,0.417,0.701,0.161,0.277,0.264,0.455,0.297,0.321,89.648,10.2,9.274,56,70,2025,Diaz,Yainer,Yainer Diaz,yainerdiaz,0.02400000000000002,31.33399999999999,0.022999999999999965
"Yastrzemski, Mike",573262,2025,558,477,111,17,7,72,108,0.233,0.333,0.403,0.736,0.17,0.269,0.239,0.42,0.326,0.329,90.786,20.4,8.552,68,46,2025,Yastrzemski,Mike,Mike Yastrzemski,mikeyastrzemski,0.0030000000000000027,31.046,0.030999999999999972
"Benintendi, Andrew",643217,2025,470,420,101,20,1,40,82,0.24,0.307,0.431,0.738,0.191,0.257,0.234,0.428,0.317,0.319,88.125,20.1,10.824,57,63,2025,Benintendi,Andrew,Andrew Benintendi,andrewbenintendi,0.0020000000000000018,30.587999999999997,0.04299999999999998
"Hoskins, Rhys",656555,2025,328,279,66,12,2,38,91,0.237,0.332,0.416,0.748,0.179,0.306,0.219,0.387,0.328,0.315,90.196,22.1,10.594,30,43,2025,Hoskins,Rhys,Rhys Hoskins,rhyshoskins,-0.013000000000000012,30.539999999999992,-0.006000000000000005
"Hernández, Heriberto",681715,2025,294,256,68,10,1,31,77,0.266,0.347,0.438,0.785,0.172,0.328,0.244,0.43,0.337,0.333,90.074,14.2,10.682,40,45,2025,Hernández,Heriberto,Heriberto Hernández,heribertohernandez,-0.0040000000000000036,30.45199999999999,-0.028000000000000025
"Tawa, Tim",694374,2025,225,199,40,7,8,20,64,0.201,0.274,0.347,0.621,0.146,0.253,0.205,0.366,0.273,0.289,89.193,6.8,9.244,29,18,2025,Tawa,Tim,Tim Tawa,timtawa,0.01599999999999996,30.28399999999999,0.046999999999999986
"Dingler, Dillon",693307,2025,469,435,121,13,0,23,110,0.278,0.327,0.425,0.752,0.147,0.347,0.29,0.482,0.33,0.354,90.16,15.8,9.642,54,57,2025,Dingler,Dillon,Dillon Dingler,dillondingler,0.023999999999999966,30.253999999999994,-0.046999999999999986
"Vargas, Miguel",678246,2025,569,504,118,16,6,56,100,0.234,0.316,0.401,0.717,0.167,0.265,0.238,0.408,0.316,0.319,89.524,22.6,9.358,80,60,2025,Vargas,Miguel,Miguel Vargas,miguelvargas,0.0030000000000000027,30.134000000000004,0.034999999999999976
"Rogers, Jake",668670,2025,142,123,23,3,0,15,39,0.187,0.277,0.333,0.61,0.146,0.24,0.193,0.319,0.268,0.273,89.43,17.2,9.145,14,19,2025,Rogers,Jake,Jake Rogers,jakerogers,0.0050000000000000044,30.010000000000012,0.06
"Schmitt, Casey",669477,2025,348,312,74,12,0,27,83,0.237,0.305,0.401,0.706,0.164,0.28,0.254,0.431,0.306,0.327,89.522,19.2,8.748,34,40,2025,Schmitt,Casey,Casey Schmitt,caseyschmitt,0.02100000000000002,29.76000000000001,0.019999999999999962
"Keith, Colt",690993,2025,468,414,106,13,1,48,102,0.256,0.333,0.413,0.746,0.157,0.316,0.26,0.448,0.332,0.344,90.131,13.3,9.226,65,45,2025,Keith,Colt,Colt Keith,coltkeith,0.011999999999999955,29.753999999999998,-0.016000000000000014
"Myers, Dane",667472,2025,333,307,72,6,18,23,77,0.235,0.291,0.326,0.617,0.091,0.294,0.252,0.399,0.276,0.308,90.645,10.5,7.722,29,31,2025,Myers,Dane,Dane Myers,danemyers,0.03199999999999997,29.75399999999999,0.006000000000000005
"Kjerstad, Heston",677008,2025,167,156,30,4,1,6,45,0.192,0.24,0.327,0.567,0.135,0.241,0.231,0.391,0.248,0.29,88.8,12.7,8.0,16,19,2025,Kjerstad,Heston,Heston Kjerstad,hestonkjerstad,0.04199999999999998,29.709999999999994,0.059
"Rutschman, Adley",668939,2025,365,322,71,9,0,40,57,0.22,0.307,0.366,0.673,0.146,0.245,0.242,0.413,0.303,0.327,89.499,13.7,7.594,37,29,2025,Rutschman,Adley,Adley Rutschman,adleyrutschman,0.02400000000000002,29.39599999999999,0.05499999999999999
"McCutchen, Andrew",457705,2025,551,477,114,13,1,67,118,0.239,0.333,0.367,0.7,0.128,0.295,0.259,0.42,0.315,0.334,89.669,14.5,8.667,51,57,2025,McCutchen,Andrew,Andrew McCutchen,andrewmccutchen,0.019000000000000017,29.121999999999996,0.0050000000000000044
"Escarra, J.C.",641555,2025,98,84,17,2,1,11,14,0.202,0.296,0.333,0.629,0.131,0.214,0.233,0.349,0.28,0.3,90.8,11.5,5.6,5,11,2025,Escarra,J.C.,J.C. Escarra,jcescarra,0.019999999999999962,28.699999999999992,0.086
"Encarnacion, Jerar",666464,2025,56,55,11,2,1,1,15,0.2,0.214,0.364,0.578,0.164,0.237,0.256,0.428,0.247,0.297,90.8,4.0,5.0,5,7,2025,Encarnacion,Jerar,Jerar Encarnacion,jerarencarnacion,0.04999999999999999,28.68999999999999,0.063
"Feduccia, Hunter",676439,2025,105,88,13,0,1,15,29,0.148,0.267,0.205,0.472,0.057,0.221,0.187,0.279,0.227,0.274,87.615,16.3,8.118,5,8,2025,Feduccia,Hunter,Hunter Feduccia,hunterfeduccia,0.047000000000000014,28.655999999999988,0.07899999999999999
"Kelly, Carson",608348,2025,421,369,92,17,2,45,80,0.249,0.333,0.428,0.761,0.179,0.271,0.239,0.414,0.33,0.324,88.959,16.4,9.639,48,50,2025,Kelly,Carson,Carson Kelly,carsonkelly,-0.006000000000000005,28.646000000000004,0.02899999999999997
"Johnston, Troy",687859,2025,121,112,31,4,2,8,26,0.277,0.331,0.42,0.751,0.143,0.33,0.274,0.464,0.33,0.342,89.67,14.6,9.433,12,13,2025,Johnston,Troy,Troy Johnston,troyjohnston,0.01200000000000001,28.506000000000007,-0.030000000000000027
"Kayfus, CJ",692216,2025,138,123,27,4,4,11,38,0.22,0.292,0.415,0.707,0.195,0.274,0.238,0.419,0.304,0.32,88.685,16.4,8.998,16,19,2025,Kayfus,CJ,CJ Kayfus,cjkayfus,0.016000000000000014,28.346000000000004,0.025999999999999968
"McCann, James",543510,2025,137,123,32,5,0,8,33,0.26,0.324,0.431,0.755,0.171,0.312,0.238,0.406,0.326,0.311,92.33,8.3,7.554,18,17,2025,McCann,James,James McCann,jamesmccann,-0.015000000000000013,28.18799999999999,-0.01200000000000001
"Narváez, Carlos",665966,2025,446,403,97,15,1,38,111,0.241,0.306,0.419,0.725,0.178,0.301,0.225,0.383,0.317,0.295,91.046,13.2,8.918,51,50,2025,Narváez,Carlos,Carlos Narváez,carlosnarvaez,-0.02200000000000002,28.018000000000008,-0.0010000000000000009
"Candelario, Jeimer",600869,2025,91,80,9,2,0,9,29,0.113,0.198,0.212,0.41,0.099,0.137,0.126,0.247,0.189,0.213,87.323,11.4,7.485,3,10,2025,Candelario,Jeimer,Jeimer Candelario,jeimercandelario,0.023999999999999994,27.945999999999987,0.16299999999999998
"Smith, Pavin",656976,2025,288,244,63,8,2,41,92,0.258,0.362,0.434,0.796,0.176,0.375,0.213,0.394,0.347,0.318,90.132,12.4,11.513,36,28,2025,Smith,Pavin,Pavin Smith,pavinsmith,-0.02899999999999997,27.580000000000013,-0.07500000000000001
"France, Ty",664034,2025,490,444,114,7,1,22,83,0.257,0.32,0.36,0.68,0.103,0.298,0.258,0.423,0.3,0.326,89.538,10.5,7.654,50,52,2025,France,Ty,Ty France,tyfrance,0.026000000000000023,27.083999999999996,0.0020000000000000018
"Goldschmidt, Paul",502671,2025,534,489,134,10,5,36,100,0.274,0.328,0.403,0.731,0.129,0.324,0.265,0.447,0.315,0.327,90.338,15.9,7.821,76,45,2025,Goldschmidt,Paul,Paul Goldschmidt,paulgoldschmidt,0.01200000000000001,26.617999999999984,-0.02400000000000002
"Beavers, Dylan",687637,2025,137,110,25,4,2,26,36,0.227,0.375,0.4,0.775,0.173,0.297,0.212,0.405,0.343,0.341,88.669,21.2,9.133,16,14,2025,Beavers,Dylan,Dylan Beavers,dylanbeavers,-0.0020000000000000018,26.41399999999999,0.0030000000000000027
"Lopez, Otto",672640,2025,594,544,134,15,15,44,82,0.246,0.305,0.368,0.673,0.122,0.266,0.268,0.433,0.297,0.33,88.574,8.4,7.138,66,77,2025,Lopez,Otto,Otto Lopez,ottolopez,0.03300000000000003,26.363999999999997,0.033999999999999975
"Freeland, Alex",690976,2025,97,84,16,2,1,11,35,0.19,0.292,0.31,0.602,0.12,0.298,0.17,0.304,0.278,0.262,90.727,20.7,8.336,10,6,2025,Freeland,Alex,Alex Freeland,alexfreeland,-0.016000000000000014,26.186000000000007,0.0020000000000000018
"Larnach, Trevor",663616,2025,567,503,126,17,4,53,122,0.25,0.323,0.404,0.727,0.154,0.296,0.246,0.397,0.318,0.314,90.729,10.9,7.099,62,60,2025,Larnach,Trevor,Trevor Larnach,trevorlarnach,-0.0040000000000000036,25.816,0.0040000000000000036
"Yoshida, Masataka",807799,2025,205,188,50,4,3,10,24,0.266,0.307,0.388,0.695,0.122,0.277,0.268,0.381,0.303,0.315,90.241,5.7,6.422,16,26,2025,Yoshida,Masataka,Masataka Yoshida,masatakayoshida,0.01200000000000001,25.735999999999997,0.022999999999999965
"Rosario, Amed",642708,2025,191,181,50,6,1,7,31,0.276,0.309,0.436,0.745,0.16,0.301,0.287,0.437,0.318,0.329,91.174,9.9,5.952,20,23,2025,Rosario,Amed,Amed Rosario,amedrosario,0.01100000000000001,25.662000000000013,-0.0010000000000000009
"Caratini, Victor",605170,2025,386,344,89,12,1,23,65,0.259,0.324,0.404,0.728,0.145,0.282,0.258,0.427,0.317,0.331,88.671,12.5,7.755,35,46,2025,Caratini,Victor,Victor Caratini,victorcaratini,0.014000000000000012,25.492000000000015,0.018000000000000016
"Urías, Ramón",602104,2025,391,352,85,11,3,27,88,0.241,0.292,0.384,0.676,0.143,0.282,0.225,0.373,0.291,0.287,89.231,13.2,8.304,33,44,2025,Urías,Ramón,Ramón Urías,ramonurias,-0.0040000000000000036,25.38999999999999,0.018000000000000016
"White, Eli",642201,2025,271,256,60,10,10,11,70,0.234,0.27,0.406,0.676,0.172,0.283,0.25,0.432,0.29,0.309,87.468,11.3,8.892,43,35,2025,White,Eli,Eli White,eliwhite,0.019000000000000017,25.27000000000001,0.017000000000000015
"Norby, Connor",681393,2025,337,311,78,8,8,18,90,0.251,0.3,0.389,0.689,0.138,0.321,0.24,0.416,0.301,0.309,88.217,15.9,9.454,42,34,2025,Norby,Connor,Connor Norby,connornorby,0.008000000000000007,25.112,-0.02100000000000002
"Mitchell, Garrett",669003,2025,78,68,14,0,3,7,25,0.206,0.286,0.294,0.58,0.088,0.32,0.227,0.337,0.263,0.288,90.629,10.8,6.526,9,3,2025,Mitchell,Garrett,Garrett Mitchell,garrettmitchell,0.024999999999999967,25.070000000000007,-0.020000000000000018
"Bart, Joey",663698,2025,332,285,71,4,1,40,93,0.249,0.355,0.34,0.695,0.091,0.357,0.222,0.379,0.317,0.317,88.39,9.0,10.338,21,30,2025,Bart,Joey,Joey Bart,joeybart,0.0,24.946,-0.056999999999999995
"Fry, David",681807,2025,157,146,25,8,1,9,58,0.171,0.229,0.363,0.592,0.192,0.217,0.138,0.261,0.259,0.205,88.677,23.0,9.791,16,23,2025,Fry,David,David Fry,davidfry,-0.05400000000000002,24.86600000000001,0.08299999999999999
"Higashioka, Kyle",543309,2025,327,303,73,11,3,20,72,0.241,0.291,0.403,0.694,0.162,0.28,0.231,0.39,0.301,0.293,88.868,17.2,8.445,33,47,2025,Higashioka,Kyle,Kyle Higashioka,kylehigashioka,-0.008000000000000007,24.845999999999986,0.019999999999999962
"Hays, Austin",669720,2025,416,380,101,15,7,29,107,0.266,0.315,0.453,0.768,0.187,0.326,0.232,0.4,0.326,0.297,88.653,14.6,10.517,60,64,2025,Hays,Austin,Austin Hays,austinhays,-0.029000000000000026,24.660000000000007,-0.026000000000000023
"Marsh, Brandon",669016,2025,425,379,106,11,7,38,110,0.28,0.342,0.443,0.785,0.163,0.368,0.265,0.431,0.343,0.331,91.111,12.6,8.068,59,43,2025,Marsh,Brandon,Brandon Marsh,brandonmarsh,-0.01200000000000001,24.61800000000001,-0.068
"Moreno, Gabriel",672515,2025,309,277,79,9,2,29,53,0.285,0.353,0.433,0.786,0.148,0.324,0.28,0.452,0.341,0.346,90.247,14.4,6.915,44,40,2025,Moreno,Gabriel,Gabriel Moreno,gabrielmoreno,0.004999999999999949,24.443999999999996,-0.02400000000000002
"Muncy, Max",691777,2025,220,206,44,9,1,10,68,0.214,0.259,0.379,0.638,0.165,0.272,0.207,0.354,0.279,0.271,87.241,9.3,9.878,17,23,2025,Muncy,Max,Max Muncy,maxmuncy,-0.008000000000000007,24.418,0.02799999999999997
"Jung, Josh",673962,2025,511,482,121,14,4,27,129,0.251,0.294,0.39,0.684,0.139,0.305,0.242,0.406,0.288,0.299,88.98,12.8,7.921,53,61,2025,Jung,Josh,Josh Jung,joshjung,0.01100000000000001,24.412000000000006,-0.0050000000000000044
"Thomas, Alek",677950,2025,469,433,108,9,7,21,122,0.249,0.289,0.37,0.659,0.121,0.322,0.243,0.377,0.287,0.291,89.773,4.2,7.842,51,38,2025,Thomas,Alek,Alek Thomas,alekthomas,0.0040000000000000036,24.26999999999999,-0.02200000000000002
"Bogaerts, Xander",593428,2025,552,491,129,11,20,48,94,0.263,0.328,0.391,0.719,0.128,0.297,0.27,0.416,0.311,0.329,89.147,11.1,6.881,63,53,2025,Bogaerts,Xander,Xander Bogaerts,xanderbogaerts,0.018000000000000016,24.22600000000001,0.0030000000000000027
"Mayo, Coby",691723,2025,294,263,57,11,3,27,84,0.217,0.299,0.388,0.687,0.171,0.272,0.203,0.361,0.301,0.289,87.192,20.7,9.797,30,28,2025,Mayo,Coby,Coby Mayo,cobymayo,-0.01200000000000001,24.197999999999983,0.02799999999999997
"Carlson, Dylan",666185,2025,241,217,44,6,3,21,54,0.203,0.278,0.336,0.614,0.133,0.241,0.214,0.357,0.273,0.285,88.4,16.7,6.7,17,20,2025,Carlson,Dylan,Dylan Carlson,dylancarlson,0.011999999999999955,23.81000000000001,0.059
"Jansen, Danny",643376,2025,337,288,62,14,0,42,86,0.215,0.321,0.399,0.72,0.184,0.252,0.198,0.353,0.315,0.297,87.741,24.0,8.659,38,36,2025,Jansen,Danny,Danny Jansen,dannyjansen,-0.018000000000000016,23.7,0.04799999999999999
"Loftin, Nick",679845,2025,188,168,35,4,1,14,27,0.208,0.278,0.357,0.635,0.149,0.223,0.232,0.365,0.279,0.293,88.112,14.0,6.25,17,20,2025,Loftin,Nick,Nick Loftin,nickloftin,0.013999999999999957,23.55399999999998,0.07699999999999999
"Marte, Noelvi",682622,2025,360,339,89,14,10,16,85,0.263,0.3,0.448,0.748,0.185,0.306,0.243,0.414,0.317,0.301,88.628,12.7,8.892,45,51,2025,Marte,Noelvi,Noelvi Marte,noelvimarte,-0.016000000000000014,23.479999999999997,-0.006000000000000005
"Gurriel Jr., Lourdes",666971,2025,546,500,124,19,10,31,76,0.248,0.295,0.418,0.713,0.17,0.254,0.256,0.42,0.307,0.315,87.8,16.3,7.2,52,80,2025,Gurriel Jr.,Lourdes,Lourdes Gurriel Jr.,lourdesgurrieljr,0.008000000000000007,23.239999999999995,0.045999999999999985
"Lowe, Nathaniel",663993,2025,609,540,123,18,1,62,159,0.228,0.307,0.381,0.688,0.153,0.284,0.229,0.373,0.3,0.303,89.03,10.9,6.986,64,84,2025,Lowe,Nathaniel,Nathaniel Lowe,nathaniellowe,0.0030000000000000027,23.132,0.016000000000000014
"Triolo, Jared",669707,2025,376,331,75,7,13,39,76,0.227,0.311,0.356,0.667,0.129,0.268,0.236,0.376,0.292,0.307,88.848,14.7,5.964,41,24,2025,Triolo,Jared,Jared Triolo,jaredtriolo,0.015000000000000013,22.564,0.03199999999999997
"Teel, Kyle",691019,2025,297,253,69,8,3,37,77,0.273,0.375,0.411,0.786,0.138,0.361,0.237,0.416,0.349,0.337,88.3,14.4,9.6,38,35,2025,Teel,Kyle,Kyle Teel,kyleteel,-0.011999999999999955,22.529999999999998,-0.061
"Peraza, Oswald",672724,2025,265,244,40,5,9,17,80,0.164,0.223,0.25,0.473,0.086,0.225,0.195,0.306,0.219,0.248,87.205,8.0,6.499,24,20,2025,Peraza,Oswald,Oswald Peraza,oswaldperaza,0.028999999999999998,22.437999999999995,0.07499999999999998
"Santander, Anthony",623993,2025,221,194,34,6,0,25,61,0.175,0.271,0.294,0.565,0.119,0.219,0.188,0.301,0.255,0.265,89.6,18.5,4.5,16,18,2025,Santander,Anthony,Anthony Santander,anthonysantander,0.010000000000000009,22.349999999999987,0.08099999999999999
"Cortes, Carlos",666126,2025,99,94,29,4,0,3,20,0.309,0.323,0.543,0.866,0.234,0.347,0.271,0.446,0.363,0.317,89.733,16.3,9.108,11,14,2025,Cortes,Carlos,Carlos Cortes,carloscortes,-0.045999999999999985,21.99200000000001,-0.046999999999999986
"Kim, Ha-Seong",673490,2025,191,171,40,5,6,16,39,0.234,0.304,0.345,0.649,0.111,0.271,0.242,0.356,0.288,0.297,89.7,15.7,5.2,19,17,2025,Kim,Ha-Seong,Ha-Seong Kim,haseongkim,0.009000000000000008,21.910000000000004,0.02899999999999997
"Lowe, Josh",666139,2025,435,396,87,11,18,33,109,0.22,0.283,0.366,0.649,0.146,0.267,0.235,0.365,0.281,0.293,88.509,9.3,6.098,56,40,2025,Lowe,Josh,Josh Lowe,joshlowe,0.011999999999999955,21.683999999999994,0.032999999999999974
"Vivas, Jorbit",678391,2025,66,56,9,1,0,5,13,0.161,0.266,0.25,0.516,0.089,0.192,0.25,0.331,0.243,0.308,85.794,17.4,4.625,6,5,2025,Vivas,Jorbit,Jorbit Vivas,jorbitvivas,0.065,21.597999999999992,0.10799999999999998
"Jeffers, Ryan",680777,2025,464,406,108,9,1,50,91,0.266,0.356,0.397,0.753,0.131,0.32,0.243,0.401,0.33,0.325,89.499,15.0,6.749,47,47,2025,Jeffers,Ryan,Ryan Jeffers,ryanjeffers,-0.0050000000000000044,21.59599999999999,-0.020000000000000018
"Heim, Jonah",641680,2025,433,395,84,11,3,32,88,0.213,0.271,0.332,0.603,0.119,0.239,0.216,0.341,0.266,0.276,88.065,14.5,6.002,38,43,2025,Heim,Jonah,Jonah Heim,jonahheim,0.010000000000000009,21.503999999999998,0.061
"House, Brady",691781,2025,274,261,61,4,5,8,78,0.234,0.252,0.322,0.574,0.088,0.316,0.257,0.375,0.253,0.287,89.944,5.8,4.796,26,29,2025,House,Brady,Brady House,bradyhouse,0.033999999999999975,21.14,-0.016000000000000014
"Castellanos, Nick",592206,2025,589,547,137,17,4,32,133,0.25,0.294,0.4,0.694,0.15,0.296,0.241,0.406,0.296,0.3,87.8,15.2,7.463,72,72,2025,Castellanos,Nick,Nick Castellanos,nickcastellanos,0.0040000000000000036,21.045999999999992,0.0040000000000000036
"Lee, Brooks",686797,2025,527,487,115,16,3,31,92,0.236,0.285,0.37,0.655,0.134,0.257,0.232,0.37,0.283,0.286,88.67,13.2,5.696,50,64,2025,Lee,Brooks,Brooks Lee,brookslee,0.0030000000000000027,20.842000000000002,0.04299999999999998
"Beck, Jordan",687597,2025,588,539,139,16,19,43,174,0.258,0.317,0.416,0.733,0.158,0.348,0.232,0.396,0.318,0.302,87.564,12.8,9.639,62,53,2025,Beck,Jordan,Jordan Beck,jordanbeck,-0.016000000000000014,20.765999999999984,-0.04799999999999999
"Mullins, Cedric",656775,2025,498,435,94,17,22,50,120,0.216,0.299,0.391,0.69,0.175,0.247,0.205,0.336,0.295,0.28,88.838,23.3,6.002,58,59,2025,Mullins,Cedric,Cedric Mullins,cedricmullins,-0.014999999999999958,20.72999999999999,0.05299999999999999
"Locklear, Tyler",682988,2025,116,103,18,3,3,10,43,0.175,0.267,0.262,0.529,0.087,0.263,0.172,0.287,0.245,0.252,87.9,7.0,6.7,11,6,2025,Locklear,Tyler,Tyler Locklear,tylerlocklear,0.007000000000000006,20.650000000000013,0.03699999999999998
"Seigler, Anthony",678011,2025,73,62,12,0,2,8,16,0.194,0.292,0.21,0.502,0.016,0.255,0.24,0.342,0.239,0.305,89.3,10.6,2.1,6,5,2025,Seigler,Anthony,Anthony Seigler,anthonyseigler,0.066,20.429999999999993,0.044999999999999984
"Steer, Spencer",668715,2025,568,509,121,21,7,51,129,0.238,0.312,0.411,0.723,0.173,0.271,0.218,0.363,0.311,0.294,87.479,18.8,7.677,66,75,2025,Steer,Spencer,Spencer Steer,spencersteer,-0.017000000000000015,20.281999999999993,0.02899999999999997
"Sweeney, Trey",700242,2025,326,296,58,6,3,26,92,0.196,0.258,0.291,0.549,0.095,0.257,0.191,0.295,0.245,0.245,87.9,11.9,6.7,36,32,2025,Sweeney,Trey,Trey Sweeney,treysweeney,0.0,20.25000000000001,0.04299999999999998
"Taveras, Leody",665750,2025,180,171,35,3,9,5,50,0.205,0.226,0.304,0.53,0.099,0.268,0.198,0.315,0.23,0.232,88.5,21.2,6.4,13,17,2025,Taveras,Leody,Leody Taveras,leodytaveras,0.0020000000000000018,20.2,0.03199999999999997
"Young, Cole",702284,2025,257,223,47,4,1,28,47,0.211,0.302,0.305,0.607,0.094,0.257,0.225,0.355,0.28,0.297,87.592,17.2,5.733,24,24,2025,Young,Cole,Cole Young,coleyoung,0.01699999999999996,20.09999999999999,0.04299999999999998
"Ibáñez, Andy",628451,2025,193,176,42,4,4,12,26,0.239,0.301,0.352,0.653,0.113,0.257,0.253,0.369,0.288,0.303,88.735,12.6,4.563,24,21,2025,Ibáñez,Andy,Andy Ibáñez,andyibanez,0.015000000000000013,20.006,0.04299999999999998
"Marte, Starling",516782,2025,329,293,79,9,7,22,68,0.27,0.335,0.41,0.745,0.14,0.316,0.247,0.395,0.324,0.317,87.618,10.0,7.753,37,34,2025,Marte,Starling,Starling Marte,starlingmarte,-0.007000000000000006,19.721999999999987,-0.016000000000000014
"Hayes, Ke'Bryan",663647,2025,570,527,124,5,12,36,111,0.235,0.29,0.306,0.596,0.071,0.283,0.238,0.343,0.262,0.283,89.352,8.5,4.41,50,49,2025,Hayes,Ke'Bryan,Ke'Bryan Hayes,kebryanhayes,0.020999999999999963,19.714000000000006,0.017000000000000015
"Smith, Cam",701358,2025,493,441,104,9,8,43,137,0.236,0.312,0.358,0.67,0.122,0.314,0.233,0.369,0.297,0.304,87.883,8.9,6.992,55,51,2025,Smith,Cam,Cam Smith,camsmith,0.007000000000000006,19.68999999999999,-0.014000000000000012
"Horwitz, Spencer",687462,2025,411,364,99,11,0,44,73,0.272,0.353,0.434,0.787,0.162,0.309,0.248,0.402,0.338,0.322,87.442,15.6,8.02,55,51,2025,Horwitz,Spencer,Spencer Horwitz,spencerhorwitz,-0.016000000000000014,19.633999999999983,-0.009000000000000008
"Thomas, Lane",657041,2025,142,125,20,4,4,14,44,0.16,0.246,0.272,0.518,0.112,0.203,0.168,0.271,0.234,0.243,87.748,23.5,4.704,10,11,2025,Thomas,Lane,Lane Thomas,lanethomas,0.00899999999999998,19.334000000000007,0.09699999999999998
"Saggese, Thomas",695336,2025,295,275,71,2,3,16,83,0.258,0.299,0.342,0.641,0.084,0.356,0.239,0.352,0.281,0.281,90.282,12.9,5.955,25,25,2025,Saggese,Thomas,Thomas Saggese,thomassaggese,0.0,19.293999999999993,-0.055999999999999994
"Williams, Carson",700246,2025,106,99,17,5,2,6,44,0.172,0.219,0.354,0.573,0.182,0.242,0.17,0.311,0.248,0.233,85.863,8.0,8.597,11,12,2025,Williams,Carson,Carson Williams,carsonwilliams,-0.014999999999999986,19.28,0.057999999999999996
"India, Jonathan",663697,2025,567,497,116,9,0,54,106,0.233,0.323,0.346,0.669,0.113,0.276,0.235,0.374,0.298,0.312,87.68,17.1,5.672,63,45,2025,India,Jonathan,Jonathan India,jonathanindia,0.014000000000000012,19.264000000000014,0.023999999999999966
"McGuire, Reese",624512,2025,140,133,30,9,0,4,27,0.226,0.245,0.444,0.689,0.218,0.21,0.206,0.356,0.288,0.252,85.138,15.7,9.126,17,24,2025,McGuire,Reese,Reese McGuire,reesemcguire,-0.035999999999999976,19.18800000000001,0.09
"Jackson, Jeremiah",669236,2025,183,170,47,5,0,11,50,0.276,0.328,0.447,0.775,0.171,0.371,0.227,0.396,0.336,0.294,90.71,10.9,7.38,20,21,2025,Jackson,Jeremiah,Jeremiah Jackson,jeremiahjackson,-0.04200000000000004,19.149999999999984,-0.07100000000000001
"Pagés, Pedro",686780,2025,389,361,83,11,0,19,107,0.23,0.272,0.363,0.635,0.133,0.291,0.209,0.345,0.278,0.261,88.004,12.4,7.359,38,45,2025,Pagés,Pedro,Pedro Pagés,pedropages,-0.017000000000000015,19.03600000000001,0.009000000000000008
"Hedges, Austin",595978,2025,180,155,25,5,1,18,43,0.161,0.25,0.277,0.527,0.116,0.183,0.177,0.284,0.239,0.249,88.2,25.1,3.4,13,10,2025,Hedges,Austin,Austin Hedges,austinhedges,0.010000000000000009,18.830000000000005,0.11699999999999999
"Cronenworth, Jake",630105,2025,515,419,103,11,3,69,107,0.246,0.367,0.377,0.744,0.131,0.3,0.225,0.35,0.331,0.318,88.551,14.9,6.002,61,59,2025,Cronenworth,Jake,Jake Cronenworth,jakecronenworth,-0.013000000000000012,18.426000000000002,0.0
"Bader, Harrison",664056,2025,501,448,124,17,11,39,136,0.277,0.347,0.449,0.796,0.172,0.352,0.218,0.373,0.342,0.294,87.248,12.7,10.225,61,54,2025,Bader,Harrison,Harrison Bader,harrisonbader,-0.04800000000000004,18.386000000000006,-0.05199999999999999
"Ballesteros, Moisés",694208,2025,66,57,17,2,0,9,12,0.298,0.394,0.474,0.868,0.176,0.345,0.263,0.409,0.368,0.335,88.995,0.9,7.165,12,11,2025,Ballesteros,Moisés,Moisés Ballesteros,moisesballesteros,-0.032999999999999974,18.130000000000013,-0.044999999999999984
"Castro, Willi",650489,2025,454,402,91,11,10,40,111,0.226,0.313,0.366,0.679,0.14,0.286,0.234,0.368,0.301,0.305,86.809,11.2,6.583,58,33,2025,Castro,Willi,Willi Castro,willicastro,0.0040000000000000036,17.903999999999996,0.014000000000000012
"Del Castillo, Adrian",680728,2025,131,120,29,4,0,8,47,0.242,0.29,0.392,0.682,0.15,0.352,0.206,0.35,0.295,0.269,89.9,19.0,6.7,9,17,2025,Del Castillo,Adrian,Adrian Del Castillo,adriandelcastillo,-0.025999999999999968,17.900000000000016,-0.05199999999999999
"McNeil, Jeff",643446,2025,462,399,97,12,3,49,55,0.243,0.335,0.411,0.746,0.168,0.25,0.263,0.389,0.319,0.326,87.178,15.9,4.978,42,54,2025,McNeil,Jeff,Jeff McNeil,jeffmcneil,0.007000000000000006,17.891999999999996,0.04999999999999999
"Tena, José",677588,2025,169,152,37,0,3,15,37,0.243,0.314,0.355,0.669,0.112,0.322,0.244,0.364,0.297,0.302,89.129,1.2,5.127,19,16,2025,Tena,José,José Tena,josetena,0.0050000000000000044,17.852000000000007,-0.02200000000000002
"Farmer, Kyle",571657,2025,300,277,63,8,0,17,66,0.227,0.28,0.365,0.645,0.138,0.267,0.228,0.352,0.281,0.284,86.982,15.3,6.088,24,31,2025,Farmer,Kyle,Kyle Farmer,kylefarmer,0.002999999999999947,17.709999999999994,0.032999999999999974
"Hamilton, David",666152,2025,194,177,35,6,22,13,47,0.198,0.257,0.333,0.59,0.135,0.231,0.21,0.32,0.261,0.264,86.514,14.3,5.844,27,19,2025,Hamilton,David,David Hamilton,davidhamilton,0.0030000000000000027,17.685999999999993,0.06899999999999998
"Nuñez, Nasim",683083,2025,92,82,19,4,9,8,20,0.232,0.297,0.402,0.699,0.17,0.256,0.238,0.364,0.304,0.296,88.499,5.0,4.597,13,13,2025,Nuñez,Nasim,Nasim Nuñez,nasimnunez,-0.008000000000000007,17.67199999999999,0.043999999999999984
"Santana, Carlos",467793,2025,474,415,91,11,7,52,91,0.219,0.308,0.325,0.633,0.106,0.248,0.213,0.341,0.281,0.288,87.569,16.7,4.763,49,54,2025,Santana,Carlos,Carlos Santana,carlossantana,0.006999999999999951,17.584000000000003,0.05199999999999999
"Wynns, Austin",642851,2025,110,103,30,6,0,5,32,0.291,0.321,0.544,0.865,0.253,0.363,0.232,0.425,0.364,0.294,88.529,13.0,9.562,13,21,2025,Wynns,Austin,Austin Wynns,austinwynns,-0.07,17.31199999999999,-0.063
"Rengifo, Luis",650859,2025,541,501,119,9,10,33,104,0.238,0.287,0.335,0.622,0.097,0.28,0.263,0.376,0.275,0.304,87.054,6.7,4.89,55,43,2025,Rengifo,Luis,Luis Rengifo,luisrengifo,0.02899999999999997,17.287999999999997,0.019999999999999962
"Bailey, Patrick",672275,2025,452,409,91,6,1,30,133,0.222,0.277,0.325,0.602,0.103,0.302,0.21,0.332,0.261,0.263,88.161,15.6,5.754,47,55,2025,Bailey,Patrick,Patrick Bailey,patrickbailey,0.0020000000000000018,17.150000000000002,-0.0020000000000000018
"Moore, Dylan",664238,2025,243,219,44,11,14,20,82,0.201,0.267,0.374,0.641,0.173,0.255,0.191,0.325,0.281,0.263,84.8,21.3,8.6,35,25,2025,Moore,Dylan,Dylan Moore,dylanmoore,-0.018000000000000016,16.869999999999994,0.044999999999999984
"Lukes, Nathan",664770,2025,438,388,99,12,2,38,60,0.255,0.323,0.407,0.73,0.152,0.27,0.258,0.391,0.315,0.315,87.864,11.2,4.653,55,65,2025,Lukes,Nathan,Nathan Lukes,nathanlukes,0.0,16.834000000000007,0.02999999999999997
"Clarke, Denzel",672016,2025,159,148,34,3,6,6,61,0.23,0.274,0.372,0.646,0.142,0.368,0.202,0.322,0.278,0.251,89.93,4.1,6.579,18,8,2025,Clarke,Denzel,Denzel Clarke,denzelclarke,-0.027000000000000024,16.47800000000001,-0.068
"Trevino, Jose",624431,2025,302,282,67,4,0,15,39,0.238,0.272,0.351,0.623,0.113,0.256,0.241,0.353,0.268,0.276,87.679,10.9,4.356,30,22,2025,Trevino,Jose,Jose Trevino,josetrevino,0.008000000000000007,16.430000000000003,0.043999999999999984
"Vargas, Ildemaro",545121,2025,121,115,31,3,0,2,15,0.27,0.292,0.383,0.675,0.113,0.286,0.262,0.376,0.292,0.287,89.2,3.3,3.9,12,19,2025,Vargas,Ildemaro,Ildemaro Vargas,ildemarovargas,-0.0050000000000000044,16.240000000000006,0.014000000000000012
"Church, Nathan",701675,2025,65,56,10,1,1,3,18,0.179,0.254,0.25,0.504,0.071,0.239,0.195,0.282,0.232,0.248,88.678,5.4,2.609,9,8,2025,Church,Nathan,Nathan Church,nathanchurch,0.015999999999999986,15.863999999999994,0.061
"Quero, Edgar",700337,2025,403,365,98,5,0,32,71,0.268,0.333,0.356,0.689,0.088,0.312,0.232,0.34,0.3,0.285,90.359,6.8,3.611,31,36,2025,Quero,Edgar,Edgar Quero,edgarquero,-0.015000000000000013,15.83999999999999,-0.01200000000000001
"McCarthy, Jake",664983,2025,222,206,42,4,6,10,40,0.204,0.247,0.345,0.592,0.141,0.229,0.238,0.371,0.252,0.285,84.778,6.5,5.141,18,20,2025,McCarthy,Jake,Jake McCarthy,jakemccarthy,0.032999999999999974,15.728000000000009,0.07099999999999998
"Paredes, Isaac",670623,2025,438,378,96,20,0,50,76,0.254,0.352,0.458,0.81,0.204,0.269,0.234,0.374,0.351,0.317,87.189,23.0,6.023,53,53,2025,Paredes,Isaac,Isaac Paredes,isaacparedes,-0.033999999999999975,15.593999999999985,0.030999999999999972
"Shaw, Matt",807713,2025,437,393,89,13,17,38,94,0.226,0.295,0.394,0.689,0.168,0.262,0.238,0.374,0.298,0.301,84.873,13.4,6.776,57,44,2025,Shaw,Matt,Matt Shaw,mattshaw,0.0030000000000000027,15.458000000000009,0.03799999999999998
"Collins, Isaac",686555,2025,441,372,98,9,16,57,93,0.263,0.368,0.411,0.779,0.148,0.319,0.243,0.357,0.343,0.319,88.812,12.2,5.136,56,54,2025,Collins,Isaac,Isaac Collins,isaaccollins,-0.02400000000000002,15.405999999999992,-0.019000000000000017
"Gonzales, Nick",693304,2025,408,381,99,5,0,21,73,0.26,0.299,0.362,0.661,0.102,0.309,0.254,0.366,0.289,0.291,88.606,9.1,4.329,39,30,2025,Gonzales,Nick,Nick Gonzales,nickgonzales,0.0020000000000000018,15.399999999999988,-0.009000000000000008
"Fermin, Freddy",666023,2025,347,319,80,5,1,19,65,0.251,0.297,0.339,0.636,0.088,0.3,0.232,0.335,0.279,0.271,89.153,14.2,4.141,32,26,2025,Fermin,Freddy,Freddy Fermin,freddyfermin,-0.008000000000000007,15.368000000000011,0.0
"Koss, Christian",683766,2025,191,174,46,3,4,9,45,0.264,0.309,0.368,0.677,0.104,0.336,0.263,0.402,0.297,0.311,86.9,5.5,6.0,25,23,2025,Koss,Christian,Christian Koss,christiankoss,0.014000000000000012,15.340000000000012,-0.03600000000000003
"Perkins, Blake",663368,2025,171,155,35,3,7,15,47,0.226,0.298,0.348,0.646,0.122,0.304,0.223,0.326,0.288,0.28,89.634,6.2,3.656,25,19,2025,Perkins,Blake,Blake Perkins,blakeperkins,-0.007999999999999952,15.340000000000005,-0.0040000000000000036
"Meadows, Parker",678009,2025,213,191,41,4,4,21,56,0.215,0.291,0.33,0.621,0.115,0.28,0.225,0.344,0.277,0.29,86.724,12.5,4.998,22,16,2025,Meadows,Parker,Parker Meadows,parkermeadows,0.012999999999999956,15.284000000000002,0.019999999999999962
"Pauley, Graham",688363,2025,184,161,36,4,2,21,36,0.224,0.311,0.366,0.677,0.142,0.265,0.221,0.34,0.298,0.296,86.362,17.3,5.434,18,11,2025,Pauley,Graham,Graham Pauley,grahampauley,-0.0020000000000000018,15.101999999999986,0.034999999999999976
"Rocchio, Brayan",677587,2025,383,344,80,5,8,22,77,0.233,0.29,0.34,0.63,0.107,0.277,0.247,0.357,0.28,0.299,88.022,11.0,3.181,34,44,2025,Rocchio,Brayan,Brayan Rocchio,brayanrocchio,0.01899999999999996,15.056000000000008,0.022999999999999965
"Carter, Evan",694497,2025,220,194,48,5,14,19,41,0.247,0.336,0.392,0.728,0.145,0.293,0.249,0.367,0.322,0.314,86.778,13.7,5.747,31,25,2025,Carter,Evan,Evan Carter,evancarter,-0.008000000000000007,15.04000000000001,0.007000000000000006
"Freeman, Tyler",671289,2025,428,377,106,2,18,34,51,0.281,0.354,0.361,0.715,0.08,0.317,0.278,0.367,0.319,0.325,90.1,7.9,2.1,50,31,2025,Freeman,Tyler,Tyler Freeman,tylerfreeman,0.006000000000000005,14.529999999999987,-0.017000000000000015
"Mead, Curtis",678554,2025,264,240,56,3,5,15,63,0.233,0.299,0.321,0.62,0.088,0.303,0.232,0.35,0.278,0.289,87.5,17.1,4.5,26,19,2025,Mead,Curtis,Curtis Mead,curtismead,0.010999999999999954,14.509999999999996,-0.0030000000000000027
"Vázquez, Christian",543877,2025,214,190,36,3,1,18,35,0.189,0.271,0.274,0.545,0.085,0.216,0.213,0.309,0.25,0.273,85.71,15.3,3.77,14,14,2025,Vázquez,Christian,Christian Vázquez,christianvazquez,0.02300000000000002,14.459999999999988,0.08399999999999999
"Fulford, Braxton",690924,2025,120,108,23,1,1,7,36,0.213,0.267,0.324,0.591,0.111,0.299,0.197,0.325,0.261,0.261,87.329,19.8,5.247,11,16,2025,Fulford,Braxton,Braxton Fulford,braxtonfulford,0.0,14.421999999999988,0.0010000000000000009
"Massey, Michael",686681,2025,277,262,64,3,2,9,43,0.244,0.268,0.313,0.581,0.069,0.277,0.238,0.346,0.254,0.265,87.5,22.2,4.0,20,20,2025,Massey,Michael,Michael Massey,michaelmassey,0.01100000000000001,14.33,0.022999999999999965
"Crawford, J.P.",641487,2025,654,570,151,12,8,74,122,0.265,0.352,0.37,0.722,0.105,0.318,0.266,0.386,0.322,0.329,87.2,11.5,4.8,69,58,2025,Crawford,J.P.,J.P. Crawford,jpcrawford,0.007000000000000006,14.240000000000006,-0.018000000000000016
"Mastrobuoni, Miles",670156,2025,175,152,38,1,6,17,29,0.25,0.324,0.296,0.62,0.046,0.301,0.28,0.373,0.282,0.322,88.0,6.2,2.3,20,12,2025,Mastrobuoni,Miles,Miles Mastrobuoni,milesmastrobuoni,0.040000000000000036,14.190000000000001,-0.0010000000000000009
"Call, Alex",669743,2025,322,270,72,5,2,36,55,0.267,0.361,0.385,0.746,0.118,0.313,0.243,0.369,0.331,0.321,88.2,12.4,4.4,43,31,2025,Call,Alex,Alex Call,alexcall,-0.010000000000000009,14.170000000000005,-0.013000000000000012
"Giménez, Andrés",665926,2025,369,329,69,7,12,25,66,0.21,0.285,0.313,0.598,0.103,0.247,0.254,0.364,0.28,0.31,86.297,11.0,3.15,39,35,2025,Giménez,Andrés,Andrés Giménez,andresgimenez,0.02999999999999997,14.143999999999991,0.05299999999999999
"Smith, Josh",669701,2025,563,495,124,10,12,55,100,0.251,0.335,0.366,0.701,0.115,0.295,0.245,0.361,0.311,0.309,87.067,12.7,4.87,70,35,2025,Smith,Josh,Josh Smith,joshsmith,-0.0020000000000000018,14.143999999999984,0.0050000000000000044
"Meyers, Jake",676694,2025,381,343,100,3,16,31,67,0.292,0.354,0.373,0.727,0.081,0.352,0.267,0.401,0.322,0.323,87.861,9.8,5.159,53,24,2025,Meyers,Jake,Jake Meyers,jakemeyers,0.0010000000000000009,13.980000000000008,-0.05199999999999999
"Taylor, Tyrone",621438,2025,341,310,69,2,12,16,76,0.223,0.279,0.319,0.598,0.096,0.286,0.257,0.364,0.264,0.298,86.5,19.4,3.8,34,27,2025,Taylor,Tyrone,Tyrone Taylor,tyronetaylor,0.033999999999999975,13.979999999999997,0.014000000000000012
"Arenado, Nolan",571448,2025,436,401,95,12,3,28,49,0.237,0.289,0.377,0.666,0.14,0.239,0.242,0.36,0.281,0.284,86.704,19.0,3.775,48,52,2025,Arenado,Nolan,Nolan Arenado,nolanarenado,0.002999999999999947,13.927999999999983,0.061
"Sosa, Edmundo",624641,2025,261,243,67,11,1,10,56,0.276,0.307,0.469,0.776,0.193,0.311,0.244,0.389,0.329,0.29,87.675,9.4,6.212,30,39,2025,Sosa,Edmundo,Edmundo Sosa,edmundososa,-0.039000000000000035,13.90399999999999,-0.01100000000000001
"Lawlar, Jordan",691783,2025,74,66,12,0,2,6,26,0.182,0.257,0.288,0.545,0.106,0.296,0.191,0.295,0.246,0.254,87.196,17.2,4.792,9,5,2025,Lawlar,Jordan,Jordan Lawlar,jordanlawlar,0.008000000000000007,13.895999999999995,0.0040000000000000036
"Young, Jacob",696285,2025,364,324,75,2,15,27,65,0.231,0.296,0.287,0.583,0.056,0.28,0.264,0.341,0.265,0.299,87.69,3.8,2.102,34,31,2025,Young,Jacob,Jacob Young,jacobyoung,0.033999999999999975,13.283999999999992,0.019999999999999962
"Báez, Javier",595879,2025,437,417,107,12,5,10,109,0.257,0.282,0.398,0.68,0.141,0.317,0.227,0.353,0.291,0.267,87.95,11.4,5.368,55,57,2025,Báez,Javier,Javier Báez,javierbaez,-0.023999999999999966,13.206000000000008,-0.017000000000000015
"Lee, Jung Hoo",808982,2025,617,560,149,8,10,47,71,0.266,0.327,0.407,0.734,0.141,0.285,0.276,0.383,0.316,0.32,87.151,9.9,3.589,73,55,2025,Lee,Jung Hoo,Jung Hoo Lee,junghoolee,0.0040000000000000036,12.949999999999994,0.015000000000000013
"Fortes, Nick",663743,2025,242,218,50,5,1,14,47,0.229,0.296,0.349,0.645,0.12,0.274,0.217,0.323,0.29,0.271,87.365,13.4,4.48,19,21,2025,Fortes,Nick,Nick Fortes,nickfortes,-0.01899999999999996,12.889999999999993,0.025999999999999968
"Martin, Austin",668885,2025,181,156,44,1,11,22,31,0.282,0.374,0.365,0.739,0.083,0.349,0.281,0.404,0.335,0.347,86.186,9.7,5.423,22,7,2025,Martin,Austin,Austin Martin,austinmartin,0.011999999999999955,12.66800000000001,-0.04899999999999999
"Pozo, Yohel",650968,2025,168,160,37,5,0,7,22,0.231,0.262,0.375,0.637,0.144,0.239,0.246,0.357,0.275,0.276,87.7,17.8,2.2,16,19,2025,Pozo,Yohel,Yohel Pozo,yohelpozo,0.0010000000000000009,12.450000000000006,0.061
"Hernaiz, Darell",687231,2025,197,173,40,2,3,17,24,0.231,0.292,0.306,0.598,0.075,0.248,0.253,0.349,0.264,0.303,84.968,6.3,3.181,17,16,2025,Hernaiz,Darell,Darell Hernaiz,darellhernaiz,0.03899999999999998,12.078000000000003,0.05199999999999999
"Rojas, Miguel",500743,2025,317,290,76,7,5,24,46,0.262,0.318,0.397,0.715,0.135,0.295,0.251,0.359,0.314,0.294,87.724,12.9,3.928,35,27,2025,Rojas,Miguel,Miguel Rojas,miguelrojas,-0.020000000000000018,11.834000000000007,0.0050000000000000044
"Wagner, Will",695238,2025,149,129,29,0,1,17,28,0.225,0.324,0.279,0.603,0.054,0.287,0.266,0.34,0.28,0.318,86.8,9.1,2.0,15,7,2025,Wagner,Will,Will Wagner,willwagner,0.03799999999999998,11.649999999999993,0.013000000000000012
"Wong, Connor",657136,2025,188,168,32,0,2,16,42,0.19,0.262,0.238,0.5,0.048,0.253,0.223,0.298,0.233,0.267,85.53,10.4,3.075,16,7,2025,Wong,Connor,Connor Wong,connorwong,0.034,11.620000000000003,0.046999999999999986
"Straw, Myles",664702,2025,299,267,70,4,12,19,50,0.262,0.313,0.367,0.68,0.105,0.309,0.253,0.366,0.3,0.296,87.229,14.8,3.884,51,32,2025,Straw,Myles,Myles Straw,mylesstraw,-0.0040000000000000036,11.375999999999998,-0.009000000000000008
"Smith, Dominic",642086,2025,225,204,58,5,2,15,42,0.284,0.333,0.417,0.75,0.133,0.328,0.253,0.401,0.327,0.307,87.71,15.1,4.39,26,33,2025,Smith,Dominic,Dominic Smith,dominicsmith,-0.020000000000000018,11.339999999999984,-0.028000000000000025
"Barrosa, Jorge",678489,2025,77,71,10,1,0,2,22,0.141,0.169,0.225,0.394,0.084,0.181,0.166,0.244,0.173,0.194,87.841,7.7,0.0,8,7,2025,Barrosa,Jorge,Jorge Barrosa,jorgebarrosa,0.02100000000000002,11.19199999999999,0.119
"Tolbert, Tyler",686475,2025,57,50,14,1,21,1,11,0.28,0.321,0.38,0.701,0.1,0.324,0.259,0.342,0.304,0.312,88.3,11.3,2.4,19,6,2025,Tolbert,Tyler,Tyler Tolbert,tylertolbert,0.008000000000000007,11.079999999999995,-0.02400000000000002
"Amaya, Miguel",665804,2025,103,96,27,4,0,4,22,0.281,0.314,0.5,0.814,0.219,0.325,0.244,0.396,0.349,0.296,86.439,18.6,6.814,14,25,2025,Amaya,Miguel,Miguel Amaya,miguelamaya,-0.05299999999999999,10.935999999999986,-0.025000000000000022
"Durbin, Caleb",702332,2025,506,445,114,11,18,30,50,0.256,0.334,0.387,0.721,0.131,0.257,0.254,0.36,0.311,0.31,85.449,13.9,3.88,60,53,2025,Durbin,Caleb,Caleb Durbin,calebdurbin,-0.0010000000000000009,10.927999999999994,0.04299999999999998
"McKinstry, Zach",656716,2025,511,452,117,12,19,46,111,0.259,0.333,0.438,0.771,0.179,0.314,0.248,0.358,0.332,0.305,85.748,14.1,6.051,68,49,2025,McKinstry,Zach,Zach McKinstry,zachmckinstry,-0.027000000000000024,10.838000000000006,-0.014000000000000012
"Walls, Taylor",670764,2025,317,282,62,4,14,26,70,0.22,0.28,0.319,0.599,0.099,0.271,0.21,0.309,0.265,0.261,87.0,15.1,3.2,36,38,2025,Walls,Taylor,Taylor Walls,taylorwalls,-0.0040000000000000036,10.75,0.02899999999999997
"Freeman, Cody",683227,2025,121,114,26,3,1,5,19,0.228,0.258,0.342,0.6,0.114,0.247,0.244,0.332,0.261,0.269,84.9,10.6,4.1,13,15,2025,Freeman,Cody,Cody Freeman,codyfreeman,0.008000000000000007,10.670000000000012,0.05299999999999999
"Williamson, Ben",810938,2025,295,277,70,1,5,15,64,0.253,0.294,0.31,0.604,0.057,0.328,0.242,0.322,0.271,0.269,88.175,3.1,3.214,36,21,2025,Williamson,Ben,Ben Williamson,benwilliamson,-0.0020000000000000018,10.597999999999992,-0.028000000000000025
"Sanoja, Javier",691594,2025,342,313,76,6,6,19,41,0.243,0.287,0.396,0.683,0.153,0.266,0.253,0.344,0.299,0.283,88.484,10.8,1.771,40,38,2025,Sanoja,Javier,Javier Sanoja,javiersanoja,-0.016000000000000014,10.589999999999986,0.033999999999999975
"Rumfield, TJ",681198,2026,16,14,5,1,0,2,4,0.357,0.438,0.643,1.081,0.286,0.444,0.244,0.524,0.472,0.371,87.2,28.0,10.0,2,1,2026,Rumfield,TJ,TJ Rumfield,tjrumfield,-0.10099999999999998,10.540000000000006,-0.14400000000000002
"Fraley, Jake",641584,2025,217,191,46,6,4,25,49,0.241,0.332,0.382,0.714,0.141,0.293,0.245,0.365,0.314,0.312,85.129,17.8,4.841,31,23,2025,Fraley,Jake,Jake Fraley,jakefraley,-0.0020000000000000018,10.37000000000001,0.007000000000000006
"Acuña, Luisangel",682668,2025,193,175,41,0,16,13,37,0.234,0.293,0.274,0.567,0.04,0.291,0.237,0.301,0.257,0.273,87.944,3.4,1.644,30,8,2025,Acuña,Luisangel,Luisangel Acuña,luisangelacuna,0.016000000000000014,10.366000000000007,0.009000000000000008
"Haggerty, Sam",664059,2025,182,162,41,2,12,16,37,0.253,0.328,0.37,0.698,0.117,0.318,0.249,0.361,0.306,0.303,88.272,7.0,2.381,31,13,2025,Haggerty,Sam,Sam Haggerty,samhaggerty,-0.0030000000000000027,10.22600000000001,-0.018000000000000016
"Ruiz, Keibert",660688,2025,267,255,63,2,0,8,26,0.247,0.277,0.318,0.595,0.071,0.266,0.269,0.35,0.264,0.285,86.163,11.3,2.394,19,25,2025,Ruiz,Keibert,Keibert Ruiz,keibertruiz,0.020999999999999963,10.193999999999988,0.033999999999999975
"Martínez, Angel",682657,2025,484,446,100,11,8,23,110,0.224,0.269,0.359,0.628,0.135,0.276,0.214,0.312,0.275,0.254,87.344,18.4,3.423,56,45,2025,Martínez,Angel,Angel Martínez,angelmartinez,-0.02100000000000002,10.133999999999986,0.023999999999999966
"Lux, Gavin",666158,2025,503,446,120,5,1,56,114,0.269,0.35,0.374,0.724,0.105,0.351,0.243,0.336,0.322,0.299,88.3,9.6,3.6,49,53,2025,Lux,Gavin,Gavin Lux,gavinlux,-0.02300000000000002,9.389999999999993,-0.05099999999999999
"Hicks, Liam",689414,2025,390,332,82,6,2,43,56,0.247,0.346,0.346,0.692,0.099,0.276,0.248,0.36,0.318,0.319,84.844,10.6,3.93,37,45,2025,Hicks,Liam,Liam Hicks,liamhicks,0.0010000000000000009,9.207999999999988,0.023999999999999966
"Monasterio, Andruw",655316,2025,135,126,34,4,2,7,32,0.27,0.319,0.437,0.756,0.167,0.334,0.225,0.365,0.329,0.281,87.056,20.8,5.479,19,16,2025,Monasterio,Andruw,Andruw Monasterio,andruwmonasterio,-0.04799999999999999,9.149999999999995,-0.03400000000000003
"Lockridge, Brandon",663604,2025,148,134,31,0,10,8,36,0.231,0.276,0.299,0.575,0.068,0.313,0.232,0.311,0.257,0.266,86.982,2.3,2.83,17,11,2025,Lockridge,Brandon,Brandon Lockridge,brandonlockridge,0.009000000000000008,9.014,-0.013000000000000012
"Andujar, Miguel",609280,2025,341,321,102,10,1,17,49,0.318,0.352,0.47,0.822,0.152,0.344,0.259,0.382,0.351,0.298,88.099,11.0,4.615,36,44,2025,Andujar,Miguel,Miguel Andujar,miguelandujar,-0.05299999999999999,8.94800000000001,-0.043999999999999984
"Keaschall, Luke",807712,2025,207,182,55,4,14,19,29,0.302,0.382,0.445,0.827,0.143,0.333,0.261,0.375,0.357,0.322,86.312,10.5,5.023,25,28,2025,Keaschall,Luke,Luke Keaschall,lukekeaschall,-0.034999999999999976,8.659999999999995,-0.03300000000000003
"Marchán, Rafael",665561,2025,118,105,22,2,0,10,17,0.21,0.282,0.305,0.587,0.095,0.23,0.213,0.293,0.264,0.261,85.6,11.1,2.2,9,13,2025,Marchán,Rafael,Rafael Marchán,rafaelmarchan,-0.0030000000000000027,8.079999999999988,0.06999999999999998
"Mateo, Jorge",622761,2025,83,79,14,1,15,4,30,0.177,0.217,0.266,0.483,0.089,0.269,0.166,0.254,0.213,0.205,85.309,9.8,4.075,9,3,2025,Mateo,Jorge,Jorge Mateo,jorgemateo,-0.008000000000000007,7.777999999999993,0.030999999999999972
"Johnson, Bryce",669369,2025,84,76,26,1,4,3,19,0.342,0.383,0.434,0.817,0.092,0.445,0.297,0.405,0.358,0.327,88.4,9.0,5.0,9,8,2025,Johnson,Bryce,Bryce Johnson,brycejohnson,-0.030999999999999972,7.610000000000014,-0.14500000000000002
"Karros, Kyle",691720,2025,156,137,31,1,0,15,41,0.226,0.308,0.277,0.585,0.051,0.312,0.213,0.269,0.269,0.263,87.939,12.3,1.27,20,9,2025,Karros,Kyle,Kyle Karros,kylekarros,-0.006000000000000005,6.597999999999986,-0.01200000000000001
"Frelick, Sal",686217,2025,594,528,152,12,19,47,80,0.288,0.351,0.405,0.756,0.117,0.31,0.256,0.345,0.334,0.304,85.612,12.1,3.348,76,63,2025,Frelick,Sal,Sal Frelick,salfrelick,-0.030000000000000027,5.099999999999987,-0.010000000000000009
"Yorke, Nick",694377,2025,72,69,16,1,1,3,15,0.232,0.264,0.319,0.583,0.087,0.283,0.235,0.315,0.257,0.259,85.505,10.5,1.873,7,8,2025,Yorke,Nick,Nick Yorke,nickyorke,0.0020000000000000018,4.945999999999993,0.017000000000000015
"Isbel, Kyle",664728,2025,409,368,94,4,4,23,74,0.255,0.301,0.353,0.654,0.098,0.309,0.222,0.295,0.291,0.253,87.82,8.7,1.818,42,33,2025,Isbel,Kyle,Kyle Isbel,kyleisbel,-0.03799999999999998,4.845999999999988,-0.009000000000000008
"Loperfido, Joey",694388,2025,104,96,32,4,1,4,27,0.333,0.379,0.5,0.879,0.167,0.431,0.266,0.405,0.381,0.315,87.538,11.7,5.563,12,14,2025,Loperfido,Joey,Joey Loperfido,joeyloperfido,-0.066,4.671999999999992,-0.131
"Teodosio, Bryce",669326,2025,150,138,28,1,7,5,47,0.203,0.248,0.304,0.552,0.101,0.292,0.185,0.259,0.243,0.222,84.31,12.9,4.291,12,7,2025,Teodosio,Bryce,Bryce Teodosio,bryceteodosio,-0.02099999999999999,4.362000000000005,0.008000000000000007
"Mangum, Jake",663968,2025,428,405,120,3,27,19,64,0.296,0.33,0.368,0.698,0.072,0.345,0.25,0.334,0.306,0.274,87.23,-0.7,2.548,37,40,2025,Mangum,Jake,Jake Mangum,jakemangum,-0.03199999999999997,4.2260000000000115,-0.044999999999999984
"Espinal, Santiago",669289,2025,328,301,73,0,2,21,38,0.243,0.292,0.282,0.574,0.039,0.274,0.228,0.286,0.258,0.253,86.417,15.1,0.697,25,16,2025,Espinal,Santiago,Santiago Espinal,santiagoespinal,-0.0050000000000000044,4.188000000000001,0.025999999999999968
"Duran, Ezequiel",677649,2025,219,205,46,0,11,8,55,0.224,0.266,0.293,0.559,0.069,0.305,0.212,0.293,0.249,0.245,85.253,15.2,2.574,16,14,2025,Duran,Ezequiel,Ezequiel Duran,ezequielduran,-0.0040000000000000036,3.984,-0.0050000000000000044
"Rivas, Leo",660844,2025,111,90,22,2,6,20,24,0.244,0.387,0.333,0.72,0.089,0.315,0.181,0.263,0.332,0.285,86.262,13.1,2.886,19,9,2025,Rivas,Leo,Leo Rivas,leorivas,-0.04700000000000004,3.485999999999996,-0.015000000000000013
"Dubón, Mauricio",643289,2025,398,369,89,7,3,24,42,0.241,0.289,0.355,0.644,0.114,0.262,0.247,0.332,0.286,0.278,84.533,13.1,1.488,43,33,2025,Dubón,Mauricio,Mauricio Dubón,mauriciodubon,-0.007999999999999952,2.862000000000006,0.03799999999999998
"Frazier, Adam",624428,2025,459,419,112,7,8,26,81,0.267,0.319,0.365,0.684,0.098,0.31,0.242,0.331,0.299,0.278,85.278,14.5,1.984,43,44,2025,Frazier,Adam,Adam Frazier,adamfrazier,-0.020999999999999963,1.904000000000015,-0.010000000000000009
"Fermín, José",665877,2025,70,60,17,1,2,8,10,0.283,0.377,0.417,0.794,0.134,0.327,0.275,0.367,0.352,0.332,87.1,16.0,0.0,5,9,2025,Fermín,José,José Fermín,josefermin,-0.019999999999999962,1.88999999999999,-0.027000000000000024
"Allen, Nick",669397,2025,416,371,82,0,8,31,99,0.221,0.284,0.251,0.535,0.03,0.297,0.22,0.266,0.245,0.251,84.8,13.3,0.0,32,22,2025,Allen,Nick,Nick Allen,nickallen,0.006000000000000005,-0.7500000000000044,0.0030000000000000027
"Kiner-Falefa, Isiah",643396,2025,459,431,113,2,15,17,77,0.262,0.297,0.334,0.631,0.072,0.313,0.244,0.303,0.278,0.261,84.6,4.0,1.394,45,40,2025,Kiner-Falefa,Isiah,Isiah Kiner-Falefa,isiahkinerfalefa,-0.017000000000000015,-0.8020000000000129,-0.013000000000000012
"Millas, Drew",686452,2025,55,49,15,0,2,4,7,0.306,0.358,0.449,0.807,0.143,0.354,0.279,0.351,0.348,0.306,84.588,8.5,2.259,6,7,2025,Millas,Drew,Drew Millas,drewmillas,-0.04199999999999998,-2.246000000000011,-0.05399999999999999
"Ritter, Ryan",690022,2025,207,187,45,1,3,10,61,0.241,0.296,0.337,0.633,0.096,0.35,0.211,0.276,0.28,0.248,85.264,7.4,1.488,22,18,2025,Ritter,Ryan,Ryan Ritter,ryanritter,-0.03200000000000003,-2.59600000000001,-0.04999999999999999
"Heineman, Tyler",623168,2025,174,149,43,3,2,12,31,0.289,0.361,0.416,0.777,0.127,0.343,0.218,0.296,0.342,0.275,84.503,19.1,3.181,25,20,2025,Heineman,Tyler,Tyler Heineman,tylerheineman,-0.067,-2.642000000000002,-0.04300000000000004
"DeLuca, Jonny",676356,2025,59,57,19,0,6,2,13,0.333,0.356,0.456,0.812,0.123,0.432,0.253,0.334,0.355,0.27,85.748,10.3,2.5,5,4,2025,DeLuca,Jonny,Jonny DeLuca,jonnydeluca,-0.08499999999999996,-7.503999999999989,-0.132
